"state","state_name","GEOID","county","bd_mean"
"AL","Alabama","01001","Autauga",1.50396869519764
"AL","Alabama","01003","Baldwin",1.51150850087624
"AL","Alabama","01005","Barbour",1.53232123122244
"AL","Alabama","01009","Blount",1.48209667499515
"AL","Alabama","01015","Calhoun",1.43184782748318
"AL","Alabama","01019","Cherokee",1.43191725080773
"AL","Alabama","01031","Coffee",1.5403598502348
"AL","Alabama","01033","Colbert",1.44057441854484
"AL","Alabama","01035","Conecuh",1.5355885545308
"AL","Alabama","01039","Covington",1.52304026440399
"AL","Alabama","01043","Cullman",1.48450818103645
"AL","Alabama","01045","Dale",1.50937655734992
"AL","Alabama","01047","Dallas",1.43723970223853
"AL","Alabama","01049","DeKalb",1.50596683771138
"AL","Alabama","01051","Elmore",1.449882621855
"AL","Alabama","01053","Escambia",1.51194003375624
"AL","Alabama","01055","Etowah",1.45573655420211
"AL","Alabama","01057","Fayette",1.49543090217193
"AL","Alabama","01061","Geneva",1.54974063153732
"AL","Alabama","01067","Henry",1.53979942759001
"AL","Alabama","01069","Houston",1.5490751217918
"AL","Alabama","01071","Jackson",1.44699252506648
"AL","Alabama","01077","Lauderdale",1.4465520775964
"AL","Alabama","01079","Lawrence",1.42200933177692
"AL","Alabama","01083","Limestone",1.4234131672054
"AL","Alabama","01087","Macon",1.42786140107987
"AL","Alabama","01089","Madison",1.42770635710676
"AL","Alabama","01095","Marshall",1.47220835264962
"AL","Alabama","01097","Mobile",1.54183455577211
"AL","Alabama","01099","Monroe",1.50270825524718
"AL","Alabama","01103","Morgan",1.4399376259198
"AL","Alabama","01105","Perry",1.34970517222798
"AL","Alabama","01109","Pike",1.53710818627637
"AL","Alabama","01111","Randolph",1.47143488401956
"AL","Alabama","01117","Shelby",1.45729142977524
"AL","Alabama","01121","Talladega",1.43134600651927
"AL","Alabama","01125","Tuscaloosa",1.496174244051
"AZ","Arizona","04009","Graham",1.34606604931883
"AZ","Arizona","04013","Maricopa",1.40671640539061
"AZ","Arizona","04019","Pima",1.43229454226722
"AZ","Arizona","04021","Pinal",1.38600155620517
"AZ","Arizona","04027","Yuma",1.32620562798948
"AR","Arkansas","05001","Arkansas",1.42879507105261
"AR","Arkansas","05003","Ashley",1.42628389785699
"AR","Arkansas","05017","Chicot",1.37669677560479
"AR","Arkansas","05021","Clay",1.44412352149086
"AR","Arkansas","05029","Conway",1.46371831774244
"AR","Arkansas","05031","Craighead",1.46997500297716
"AR","Arkansas","05035","Crittenden",1.37869845006925
"AR","Arkansas","05037","Cross",1.44017734958691
"IA","Iowa","19123","Mahaska",1.3512428103334
"IA","Iowa","19125","Marion",1.35412773104781
"IA","Iowa","19127","Marshall",1.33403683274557
"IA","Iowa","19129","Mills",1.30384853988828
"IA","Iowa","19131","Mitchell",1.36521199556155
"IA","Iowa","19133","Monona",1.3175806214597
"IA","Iowa","19135","Monroe",1.37060566591916
"IA","Iowa","19137","Montgomery",1.3311508079373
"IA","Iowa","19139","Muscatine",1.37882906325272
"IA","Iowa","19141","O'Brien",1.28093854113289
"IA","Iowa","19143","Osceola",1.28200360293381
"IA","Iowa","19145","Page",1.32448097185261
"IA","Iowa","19147","Palo Alto",1.19171970823461
"IA","Iowa","19149","Plymouth",1.31345330122252
"IA","Iowa","19151","Pocahontas",1.15915551285048
"IA","Iowa","19153","Polk",1.24746386374369
"IA","Iowa","19155","Pottawattamie",1.32145881452809
"IA","Iowa","19157","Poweshiek",1.36904354589472
"IA","Iowa","19159","Ringgold",1.38249853495425
"IA","Iowa","19161","Sac",1.25131759937416
"IA","Iowa","19163","Scott",1.34614533764051
"IA","Iowa","19165","Shelby",1.34344608050508
"IA","Iowa","19167","Sioux",1.30251213727513
"IA","Iowa","19169","Story",1.2155976463054
"IA","Iowa","19171","Tama",1.34739403517229
"IA","Iowa","19173","Taylor",1.36444897436576
"IA","Iowa","19175","Union",1.3469270250205
"IA","Iowa","19177","Van Buren",1.38358870826746
"IA","Iowa","19179","Wapello",1.3633521852775
"IA","Iowa","19181","Warren",1.34930711657513
"IA","Iowa","19183","Washington",1.35525314273671
"IA","Iowa","19185","Wayne",1.38571745341801
"IA","Iowa","19187","Webster",1.1901686109577
"IA","Iowa","19189","Winnebago",1.18094850950982
"IA","Iowa","19191","Winneshiek",1.36806336424184
"IA","Iowa","19193","Woodbury",1.33964920789856
"IA","Iowa","19195","Worth",1.27624332352327
"IA","Iowa","19197","Wright",1.1994676134933
"KS","Kansas","20001","Allen",1.36829988698556
"KS","Kansas","20003","Anderson",1.36504385904727
"KS","Kansas","20005","Atchison",1.35433716099769
"KS","Kansas","20007","Barber",1.43917605332775
"KS","Kansas","20009","Barton",1.40694009666057
"KS","Kansas","20011","Bourbon",1.37775474552569
"KS","Kansas","20013","Brown",1.33864296695371
"KS","Kansas","20015","Butler",1.34450580743211
"KS","Kansas","20017","Chase",1.3263395322216
"KS","Kansas","20019","Chautauqua",1.39739880888758
"KS","Kansas","20021","Cherokee",1.39069436023705
"KS","Kansas","20023","Cheyenne",1.27158764018398
"KS","Kansas","20025","Clark",1.37845402981743
"KS","Kansas","20027","Clay",1.36275521238145
"KS","Kansas","20029","Cloud",1.37913803230532
"KS","Kansas","20031","Coffey",1.38443299673986
"KS","Kansas","20033","Comanche",1.42940279043426
"KS","Kansas","20035","Cowley",1.3740596053738
"KS","Kansas","20037","Crawford",1.37728920098444
"KS","Kansas","20039","Decatur",1.36285546768202
"KS","Kansas","20041","Dickinson",1.33663412049828
"KS","Kansas","20043","Doniphan",1.32064687141965
"KS","Kansas","20045","Douglas",1.35473240653257
"KS","Kansas","20047","Edwards",1.46479090784432
"KS","Kansas","20049","Elk",1.38566998924105
"KS","Kansas","20051","Ellis",1.3822832904585
"KS","Kansas","20053","Ellsworth",1.38110111809074
"KS","Kansas","20055","Finney",1.32896792889093
"KS","Kansas","20057","Ford",1.39019520356621
"KS","Kansas","20059","Franklin",1.38007693739066
"KS","Kansas","20061","Geary",1.31686722825789
"KS","Kansas","20063","Gove",1.28453331686944
"KS","Kansas","20065","Graham",1.38306313775453
"KS","Kansas","20067","Grant",1.31850385240843
"KS","Kansas","20069","Gray",1.36639101994632
"KS","Kansas","20071","Greeley",1.22232485451485
"KS","Kansas","20073","Greenwood",1.33341226537404
"KS","Kansas","20075","Hamilton",1.27586927746457
"KS","Kansas","20077","Harper",1.43770483734977
"KS","Kansas","20079","Harvey",1.36810973598563
"KS","Kansas","20081","Haskell",1.25846867730016
"KS","Kansas","20083","Hodgeman",1.37893316203951
"KS","Kansas","20085","Jackson",1.3581133024185
"KS","Kansas","20087","Jefferson",1.36107138669876
"KS","Kansas","20089","Jewell",1.38231398996689
"KS","Kansas","20091","Johnson",1.34906648203668
"KS","Kansas","20093","Kearny",1.30518719313144
"KS","Kansas","20095","Kingman",1.47335823930348
"KS","Kansas","20097","Kiowa",1.44850427717326
"KS","Kansas","20099","Labette",1.38149353488802
"KS","Kansas","20101","Lane",1.29876446393822
"KS","Kansas","20103","Leavenworth",1.33596614528879
"KS","Kansas","20105","Lincoln",1.36686034054329
"KS","Kansas","20107","Linn",1.37538881097892
"KS","Kansas","20109","Logan",1.26932204810276
"KS","Kansas","20111","Lyon",1.33859234198321
"KS","Kansas","20113","McPherson",1.36039246739953
"KS","Kansas","20115","Marion",1.34233050078834
"KS","Kansas","20117","Marshall",1.34941775340722
"KS","Kansas","20119","Meade",1.3738799322185
"KS","Kansas","20121","Miami",1.38531189738877
"KS","Kansas","20123","Mitchell",1.38822934553147
"KS","Kansas","20125","Montgomery",1.38858741577402
"KS","Kansas","20127","Morris",1.29944556183474
"KS","Kansas","20129","Morton",1.32754745828874
"KS","Kansas","20131","Nemaha",1.3583962913909
"KS","Kansas","20133","Neosho",1.38738845738491
"KS","Kansas","20135","Ness",1.38085835586442
"KS","Kansas","20137","Norton",1.37826571107312
"KS","Kansas","20139","Osage",1.38187503722596
"KS","Kansas","20141","Osborne",1.39140366549513
"KS","Kansas","20143","Ottawa",1.35400358124008
"KS","Kansas","20145","Pawnee",1.41593319037609
"KS","Kansas","20147","Phillips",1.37718384228755
"KS","Kansas","20149","Pottawatomie",1.3367050539253
"KS","Kansas","20151","Pratt",1.47098049344422
"KS","Kansas","20153","Rawlins",1.24721357808695
"KS","Kansas","20155","Reno",1.47380234339212
"KS","Kansas","20157","Republic",1.36389847566647
"KS","Kansas","20159","Rice",1.40881526708537
"KS","Kansas","20161","Riley",1.32999245865748
"KS","Kansas","20163","Rooks",1.38821892229503
"KS","Kansas","20165","Rush",1.38902884693653
"KS","Kansas","20167","Russell",1.38834149380438
"KS","Kansas","20169","Saline",1.36354212512669
"KS","Kansas","20171","Scott",1.25669058349749
"KS","Kansas","20173","Sedgwick",1.43939310791426
"KS","Kansas","20175","Seward",1.38048434517083
"KS","Kansas","20177","Shawnee",1.36413813504158
"KS","Kansas","20179","Sheridan",1.25686298653359
"KS","Kansas","20181","Sherman",1.24016615048902
"KS","Kansas","20183","Smith",1.38817461719108
"KS","Kansas","20185","Stafford",1.51015421705688
"KS","Kansas","20187","Stanton",1.26659553161797
"KS","Kansas","20189","Stevens",1.45611452750645
"KS","Kansas","20191","Sumner",1.43537586687711
"KS","Kansas","20193","Thomas",1.24507334815174
"KS","Kansas","20195","Trego",1.36604334389678
"KS","Kansas","20197","Wabaunsee",1.34907593168939
"KS","Kansas","20199","Wallace",1.27157528912243
"KS","Kansas","20201","Washington",1.36422253803146
"KS","Kansas","20203","Wichita",1.23574841422292
"KS","Kansas","20205","Wilson",1.38710019061125
"KS","Kansas","20207","Woodson",1.37087597017064
"KY","Kentucky","21001","Adair",1.40419808043906
"KY","Kentucky","21003","Allen",1.37658724723478
"KY","Kentucky","21005","Anderson",1.35898370642668
"KY","Kentucky","21007","Ballard",1.41027112829708
"KY","Kentucky","21009","Barren",1.42477856910975
"KY","Kentucky","21011","Bath",1.35064445336396
"KY","Kentucky","21015","Boone",1.37941981558023
"KY","Kentucky","21017","Bourbon",1.34092270558861
"KY","Kentucky","21021","Boyle",1.32637277777346
"KY","Kentucky","21023","Bracken",1.371915145269
"KY","Kentucky","21027","Breckinridge",1.39890723664249
"KY","Kentucky","21029","Bullitt",1.36069644070697
"KY","Kentucky","21031","Butler",1.35944972641365
"KY","Kentucky","21033","Caldwell",1.38391140470225
"KY","Kentucky","21035","Calloway",1.42392853107451
"KY","Kentucky","21039","Carlisle",1.45268298964584
"KY","Kentucky","21041","Carroll",1.37763658071566
"KY","Kentucky","21045","Casey",1.36859254939484
"KY","Kentucky","21047","Christian",1.38236236166332
"KY","Kentucky","21049","Clark",1.35682639701145
"KY","Kentucky","21053","Clinton",1.43815234452038
"KY","Kentucky","21055","Crittenden",1.3742908260082
"KY","Kentucky","21057","Cumberland",1.34798393783862
"KY","Kentucky","21059","Daviess",1.41032396592261
"KY","Kentucky","21061","Edmonson",1.39924711364343
"KY","Kentucky","21065","Estill",1.34863640754318
"KY","Kentucky","21067","Fayette",1.34050209384803
"KY","Kentucky","21069","Fleming",1.3794713219385
"KY","Kentucky","21073","Franklin",1.34715703150339
"KY","Kentucky","21075","Fulton",1.43918573537982
"KY","Kentucky","21079","Garrard",1.34658626176329
"KY","Kentucky","21081","Grant",1.36459352449939
"KY","Kentucky","21083","Graves",1.43899670057207
"KY","Kentucky","21085","Grayson",1.40357500228714
"KY","Kentucky","21087","Green",1.40029316175629
"KY","Kentucky","21091","Hancock",1.4010074829438
"KY","Kentucky","21093","Hardin",1.3985153363067
"KY","Kentucky","21097","Harrison",1.34968347884915
"KY","Kentucky","21099","Hart",1.39820305145213
"KY","Kentucky","21101","Henderson",1.4065380321052
"KY","Kentucky","21103","Henry",1.3737930119635
"KY","Kentucky","21105","Hickman",1.4524887325918
"KY","Kentucky","21107","Hopkins",1.40241447513402
"KY","Kentucky","21113","Jessamine",1.33358472241428
"KY","Kentucky","21121","Knox",1.29842705234007
"KY","Kentucky","21123","Larue",1.38479980038487
"KY","Kentucky","21125","Laurel",1.38257695402534
"KY","Kentucky","21135","Lewis",1.37572123539235
"KY","Kentucky","21137","Lincoln",1.37074825022546
"KY","Kentucky","21139","Livingston",1.37935277326549
"KY","Kentucky","21141","Logan",1.39033865909893
"KY","Kentucky","21143","Lyon",1.34948369094615
"KY","Kentucky","21145","McCracken",1.41656692405336
"KY","Kentucky","21149","McLean",1.41102808810713
"KY","Kentucky","21151","Madison",1.3646826836717
"KY","Kentucky","21155","Marion",1.37299332915697
"KY","Kentucky","21157","Marshall",1.41441765088573
"KY","Kentucky","21161","Mason",1.3647771056371
"KY","Kentucky","21163","Meade",1.36408121905155
"KY","Kentucky","21167","Mercer",1.32769774736826
"KY","Kentucky","21169","Metcalfe",1.39057619240848
"KY","Kentucky","21171","Monroe",1.39422402840037
"KY","Kentucky","21173","Montgomery",1.36123933171784
"KY","Kentucky","21177","Muhlenberg",1.40578260067887
"KY","Kentucky","21179","Nelson",1.37251423032709
"KY","Kentucky","21181","Nicholas",1.35919317674671
"KY","Kentucky","21183","Ohio",1.40557239495857
"KY","Kentucky","21185","Oldham",1.35191824251147
"KY","Kentucky","21189","Owsley",1.29434632305667
"KY","Kentucky","21191","Pendleton",1.36320235828386
"KY","Kentucky","21199","Pulaski",1.40307483572395
"KY","Kentucky","21201","Robertson",1.35627825060739
"KY","Kentucky","21203","Rockcastle",1.3930222612661
"KY","Kentucky","21205","Rowan",1.38181684996738
"KY","Kentucky","21207","Russell",1.37977341711206
"KY","Kentucky","21209","Scott",1.33505586280929
"KY","Kentucky","21211","Shelby",1.37498352519594
"KY","Kentucky","21213","Simpson",1.40692062817022
"KY","Kentucky","21215","Spencer",1.35765181561686
"KY","Kentucky","21217","Taylor",1.37804324872274
"KY","Kentucky","21219","Todd",1.38654815849099
"KY","Kentucky","21221","Trigg",1.35286339057324
"KY","Kentucky","21223","Trimble",1.41613173443212
"KY","Kentucky","21225","Union",1.40554545434475
"KY","Kentucky","21227","Warren",1.38380773422028
"KY","Kentucky","21229","Washington",1.36274960764722
"KY","Kentucky","21231","Wayne",1.40763628155228
"KY","Kentucky","21233","Webster",1.41012123323845
"KY","Kentucky","21235","Whitley",1.34898902553853
"KY","Kentucky","21239","Woodford",1.3277717068623
"LA","Louisiana","22001","Acadia Parish",1.44812267206801
"LA","Louisiana","22009","Avoyelles Parish",1.41191886316341
"LA","Louisiana","22015","Bossier Parish",1.4231617080741
"LA","Louisiana","22017","Caddo Parish",1.42824592242511
"LA","Louisiana","22025","Catahoula Parish",1.38623333292411
"LA","Louisiana","22029","Concordia Parish",1.37100221661144
"LA","Louisiana","22035","East Carroll Parish",1.38879870802525
"LA","Louisiana","22039","Evangeline Parish",1.46492915156786
"LA","Louisiana","22041","Franklin Parish",1.4519603837149
"LA","Louisiana","22043","Grant Parish",1.4395138383353
"LA","Louisiana","22045","Iberia Parish",1.40231114601598
"LA","Louisiana","22047","Iberville Parish",1.40383892133012
"LA","Louisiana","22053","Jefferson Davis Parish",1.43613379270992
"LA","Louisiana","22055","Lafayette Parish",1.43945205807294
"LA","Louisiana","22065","Madison Parish",1.38418602211347
"LA","Louisiana","22067","Morehouse Parish",1.42725886895206
"LA","Louisiana","22069","Natchitoches Parish",1.42489409801413
"LA","Louisiana","22073","Ouachita Parish",1.43443255575236
"LA","Louisiana","22077","Pointe Coupee Parish",1.4043777649362
"LA","Louisiana","22079","Rapides Parish",1.41705839706282
"LA","Louisiana","22083","Richland Parish",1.45526002702053
"LA","Louisiana","22097","St. Landry Parish",1.42509106444337
"LA","Louisiana","22099","St. Martin Parish",1.39581926256491
"LA","Louisiana","22107","Tensas Parish",1.35570420322195
"LA","Louisiana","22113","Vermilion Parish",1.38943105811232
"LA","Louisiana","22123","West Carroll Parish",1.43867350194029
"MD","Maryland","24001","Allegany",1.34294761147684
"MD","Maryland","24003","Anne Arundel",1.48319251904658
"MD","Maryland","24005","Baltimore",1.40219061591713
"MD","Maryland","24009","Calvert",1.5277469861227
"MD","Maryland","24011","Caroline",1.55310785103164
"MD","Maryland","24013","Carroll",1.39204281879152
"MD","Maryland","24017","Charles",1.46332880680722
"MD","Maryland","24019","Dorchester",1.4446954677268
"MD","Maryland","24021","Frederick",1.34955413285822
"MD","Maryland","24025","Harford",1.35322857735758
"MD","Maryland","24027","Howard",1.41622906937133
"MD","Maryland","24029","Kent",1.4388147970811
"MD","Maryland","24031","Montgomery",1.39677659744244
"MD","Maryland","24033","Prince George's",1.50506184677055
"MD","Maryland","24035","Queen Anne's",1.52522782670451
"MD","Maryland","24037","St. Mary's",1.47584969530432
"MD","Maryland","24039","Somerset",1.26399027715458
"MD","Maryland","24041","Talbot",1.50581955330431
"MD","Maryland","24043","Washington",1.3290561801414
"MI","Michigan","26005","Allegan",1.46234549635188
"MI","Michigan","26007","Alpena",1.4628374486103
"MI","Michigan","26009","Antrim",1.4605243310118
"MI","Michigan","26011","Arenac",1.43333135268757
"MI","Michigan","26015","Barry",1.552994973438
"MI","Michigan","26017","Bay",1.50787003583537
"MI","Michigan","26019","Benzie",1.43737406775118
"MI","Michigan","26021","Berrien",1.46550312757425
"MI","Michigan","26023","Branch",1.46733526354567
"MI","Michigan","26025","Calhoun",1.49582525859356
"MI","Michigan","26027","Cass",1.53737168452674
"MI","Michigan","26029","Charlevoix",1.46567225528116
"MI","Michigan","26033","Chippewa",1.34020311535738
"MI","Michigan","26035","Clare",1.49786858988846
"MI","Michigan","26037","Clinton",1.49251817679922
"MI","Michigan","26041","Delta",1.41217061377282
"MI","Michigan","26045","Eaton",1.51312081283806
"MI","Michigan","26047","Emmet",1.47652055695782
"MI","Michigan","26049","Genesee",1.49350988025571
"MI","Michigan","26051","Gladwin",1.46011010878475
"MI","Michigan","26055","Grand Traverse",1.45151959266777
"MI","Michigan","26057","Gratiot",1.48324341709241
"MI","Michigan","26059","Hillsdale",1.48507616730173
"MI","Michigan","26063","Huron",1.49342021620597
"MI","Michigan","26065","Ingham",1.46417044956041
"MI","Michigan","26067","Ionia",1.48824483130045
"MI","Michigan","26069","Iosco",1.42621209204522
"MI","Michigan","26073","Isabella",1.50017886544273
"MI","Michigan","26075","Jackson",1.51426998454193
"MI","Michigan","26077","Kalamazoo",1.56643189122261
"MI","Michigan","26081","Kent",1.51055907965237
"MI","Michigan","26087","Lapeer",1.35940544472884
"MI","Michigan","26089","Leelanau",1.45469542574377
"MI","Michigan","26091","Lenawee",1.46596254345333
"MI","Michigan","26093","Livingston",1.43470647515897
"MI","Michigan","26099","Macomb",1.42557929944644
"MI","Michigan","26101","Manistee",1.47856083423405
"MI","Michigan","26105","Mason",1.47641807756407
"MI","Michigan","26107","Mecosta",1.52335474719825
"MI","Michigan","26109","Menominee",1.4021154840062
"MI","Michigan","26111","Midland",1.4870955737129
"MI","Michigan","26113","Missaukee",1.44067046626466
"MI","Michigan","26115","Monroe",1.45394443676758
"MI","Michigan","26117","Montcalm",1.49630505445679
"MI","Michigan","26119","Montmorency",1.40197817651729
"MI","Michigan","26121","Muskegon",1.43980524556887
"MI","Michigan","26123","Newaygo",1.46135097571124
"MI","Michigan","26125","Oakland",1.52648570453309
"MI","Michigan","26127","Oceana",1.47316023821863
"MI","Michigan","26129","Ogemaw",1.45942364400092
"MI","Michigan","26133","Osceola",1.46083278702552
"MI","Michigan","26137","Otsego",1.46757812068465
"MI","Michigan","26139","Ottawa",1.42813153318952
"MI","Michigan","26141","Presque Isle",1.4654538695397
"MI","Michigan","26145","Saginaw",1.47118871987532
"MI","Michigan","26147","St. Clair",1.42623268266121
"MI","Michigan","26149","St. Joseph",1.51472057920126
"MI","Michigan","26151","Sanilac",1.42607405016691
"MI","Michigan","26155","Shiawassee",1.4469129985473
"MI","Michigan","26157","Tuscola",1.48877342109195
"MI","Michigan","26159","Van Buren",1.47359165370714
"MI","Michigan","26161","Washtenaw",1.43601833334163
"MI","Michigan","26163","Wayne",1.4449039954519
"MI","Michigan","26165","Wexford",1.4349593823401
"MN","Minnesota","27003","Anoka",1.40835523738927
"MN","Minnesota","27005","Becker",1.38861667168121
"MN","Minnesota","27007","Beltrami",1.31927672230532
"MN","Minnesota","27009","Benton",1.49428459593728
"MN","Minnesota","27011","Big Stone",1.36453048184344
"MN","Minnesota","27013","Blue Earth",1.23360122182817
"MN","Minnesota","27015","Brown",1.18903031327421
"MN","Minnesota","27019","Carver",1.24422192062027
"MN","Minnesota","27021","Cass",1.49629791419985
"MN","Minnesota","27023","Chippewa",1.32173621695569
"MN","Minnesota","27025","Chisago",1.47040463893949
"MN","Minnesota","27027","Clay",1.29762303596365
"MN","Minnesota","27029","Clearwater",1.20626178952128
"MN","Minnesota","27033","Cottonwood",1.25861815179134
"MN","Minnesota","27035","Crow Wing",1.54676677977952
"MN","Minnesota","27037","Dakota",1.38912555979796
"MN","Minnesota","27039","Dodge",1.34452138285622
"MN","Minnesota","27041","Douglas",1.36582978776365
"MN","Minnesota","27043","Faribault",1.21601188641889
"MN","Minnesota","27045","Fillmore",1.38550178253914
"MN","Minnesota","27047","Freeborn",1.19039991397765
"MN","Minnesota","27049","Goodhue",1.36491807806807
"MN","Minnesota","27051","Grant",1.35522369293174
"MN","Minnesota","27053","Hennepin",1.31352942195892
"MN","Minnesota","27055","Houston",1.39597533826484
"MN","Minnesota","27057","Hubbard",1.5435215696212
"MN","Minnesota","27059","Isanti",1.5001210423424
"MN","Minnesota","27063","Jackson",1.22218182234385
"MN","Minnesota","27065","Kanabec",1.47895181653478
"MN","Minnesota","27067","Kandiyohi",1.28120794970803
"MN","Minnesota","27069","Kittson",1.24907080769107
"MN","Minnesota","27073","Lac qui Parle",1.3023275344034
"MN","Minnesota","27079","Le Sueur",1.25293293007811
"MN","Minnesota","27081","Lincoln",1.39865329645012
"MN","Minnesota","27083","Lyon",1.33642058672764
"MN","Minnesota","27085","McLeod",1.20372420442086
"MN","Minnesota","27087","Mahnomen",1.34955363214672
"MN","Minnesota","27089","Marshall",1.27657350035505
"MN","Minnesota","27091","Martin",1.18964565052623
"MN","Minnesota","27093","Meeker",1.2846904746743
"MN","Minnesota","27095","Mille Lacs",1.47647028329977
"MN","Minnesota","27097","Morrison",1.48978225680361
"MN","Minnesota","27099","Mower",1.36747655587241
"MN","Minnesota","27101","Murray",1.32885051547733
"MN","Minnesota","27103","Nicollet",1.18291207159976
"MN","Minnesota","27105","Nobles",1.26310190829799
"MN","Minnesota","27107","Norman",1.27958230962892
"MN","Minnesota","27109","Olmsted",1.3687811789969
"MN","Minnesota","27111","Otter Tail",1.44083516269195
"MN","Minnesota","27113","Pennington",1.24571985044296
"MN","Minnesota","27115","Pine",1.49370752205743
"MN","Minnesota","27117","Pipestone",1.33320504414571
"MN","Minnesota","27119","Polk",1.28840598052501
"MN","Minnesota","27121","Pope",1.38343437976813
"MN","Minnesota","27125","Red Lake",1.29136794010335
"MN","Minnesota","27127","Redwood",1.2235861700712
"MN","Minnesota","27129","Renville",1.21438542967428
"MN","Minnesota","27131","Rice",1.30354977861167
"MN","Minnesota","27133","Rock",1.32403169265154
"MN","Minnesota","27135","Roseau",1.37750651026733
"MN","Minnesota","27137","St. Louis",1.3232718886293
"MN","Minnesota","27139","Scott",1.28688862466992
"MN","Minnesota","27141","Sherburne",1.53156127256047
"MN","Minnesota","27143","Sibley",1.16949136862029
"MN","Minnesota","27145","Stearns",1.37669729975278
"MN","Minnesota","27147","Steele",1.19566808169734
"MN","Minnesota","27149","Stevens",1.34121498751254
"MN","Minnesota","27151","Swift",1.36183424033505
"MN","Minnesota","27153","Todd",1.50986143981977
"MN","Minnesota","27155","Traverse",1.31878452425127
"MN","Minnesota","27157","Wabasha",1.36559345394086
"MN","Minnesota","27159","Wadena",1.54449955295952
"MN","Minnesota","27161","Waseca",1.20815999310874
"MN","Minnesota","27163","Washington",1.45928909251819
"MN","Minnesota","27165","Watonwan",1.21770731835678
"MN","Minnesota","27167","Wilkin",1.31637271145274
"MN","Minnesota","27169","Winona",1.39011470488351
"MN","Minnesota","27171","Wright",1.33612902303879
"MN","Minnesota","27173","Yellow Medicine",1.2603588843225
"MS","Mississippi","28003","Alcorn",1.45909952775025
"MS","Mississippi","28007","Attala",1.4710402278712
"MS","Mississippi","28009","Benton",1.45697809143029
"MS","Mississippi","28011","Bolivar",1.42589059290328
"MS","Mississippi","28013","Calhoun",1.45600905602731
"MS","Mississippi","28015","Carroll",1.47010409236697
"MS","Mississippi","28017","Chickasaw",1.42320830584237
"MS","Mississippi","28021","Claiborne",1.41872835101747
"MS","Mississippi","28025","Clay",1.38788124444306
"MS","Mississippi","28027","Coahoma",1.44617796589398
"MS","Mississippi","28033","DeSoto",1.45127404019345
"MS","Mississippi","28043","Grenada",1.41367317287633
"MS","Mississippi","28049","Hinds",1.43623311288065
"MS","Mississippi","28051","Holmes",1.43631133120612
"MS","Mississippi","28053","Humphreys",1.46531162995926
"MS","Mississippi","28055","Issaquena",1.40837514931133
"MS","Mississippi","28057","Itawamba",1.5000953381661
"MS","Mississippi","28081","Lee",1.46353592949334
"MS","Mississippi","28083","Leflore",1.41921823065995
"MS","Mississippi","28087","Lowndes",1.39094120556361
"MS","Mississippi","28089","Madison",1.44942079982621
"MS","Mississippi","28093","Marshall",1.44099198537901
"MS","Mississippi","28095","Monroe",1.41121982248035
"MS","Mississippi","28097","Montgomery",1.44614942402635
"MS","Mississippi","28103","Noxubee",1.37003111295939
"MS","Mississippi","28107","Panola",1.41228478903119
"MS","Mississippi","28115","Pontotoc",1.43979170902391
"MS","Mississippi","28117","Prentiss",1.51404146526896
"MS","Mississippi","28119","Quitman",1.42953373434497
"MS","Mississippi","28121","Rankin",1.47454036142311
"MS","Mississippi","28125","Sharkey",1.43767452658019
"MS","Mississippi","28133","Sunflower",1.46222121466817
"MS","Mississippi","28135","Tallahatchie",1.44796185319886
"MS","Mississippi","28137","Tate",1.41877153939379
"MS","Mississippi","28139","Tippah",1.47308583379513
"MS","Mississippi","28143","Tunica",1.36556103201257
"MS","Mississippi","28145","Union",1.45385536543567
"MS","Mississippi","28149","Warren",1.43910429095374
"MS","Mississippi","28151","Washington",1.42610650393076
"MS","Mississippi","28155","Webster",1.45695874178547
"MS","Mississippi","28161","Yalobusha",1.45603102673443
"MS","Mississippi","28163","Yazoo",1.44695916930025
"MO","Missouri","29001","Adair",1.39552846691523
"MO","Missouri","29003","Andrew",1.3545697029847
"MO","Missouri","29005","Atchison",1.33854892724343
"MO","Missouri","29007","Audrain",1.39453374009467
"MO","Missouri","29009","Barry",1.36514577836589
"MO","Missouri","29011","Barton",1.39375545581103
"MO","Missouri","29013","Bates",1.37991459978417
"MO","Missouri","29015","Benton",1.38153050727625
"MO","Missouri","29017","Bollinger",1.41841514616222
"MO","Missouri","29019","Boone",1.39935188555965
"MO","Missouri","29021","Buchanan",1.32884701188012
"MO","Missouri","29023","Butler",1.4543033631933
"MO","Missouri","29025","Caldwell",1.36934201111407
"MO","Missouri","29027","Callaway",1.39563395284982
"MO","Missouri","29031","Cape Girardeau",1.38095246353131
"MO","Missouri","29033","Carroll",1.34885632815969
"MO","Missouri","29037","Cass",1.36520587996107
"MO","Missouri","29039","Cedar",1.39332861256211
"MO","Missouri","29041","Chariton",1.34954239153279
"MO","Missouri","29045","Clark",1.39178185961399
"MO","Missouri","29047","Clay",1.36294770504484
"MO","Missouri","29049","Clinton",1.36172904458616
"MO","Missouri","29051","Cole",1.41726679054143
"MO","Missouri","29053","Cooper",1.38181080013125
"MO","Missouri","29057","Dade",1.39595560499359
"MO","Missouri","29061","Daviess",1.34349428098392
"MO","Missouri","29063","DeKalb",1.3635916717021
"MO","Missouri","29069","Dunklin",1.42832028755998
"MO","Missouri","29071","Franklin",1.40530591827773
"MO","Missouri","29073","Gasconade",1.42231505074846
"MO","Missouri","29075","Gentry",1.36118238836086
"MO","Missouri","29077","Greene",1.38117647783344
"MO","Missouri","29079","Grundy",1.34860532976308
"MO","Missouri","29081","Harrison",1.36215672342861
"MO","Missouri","29083","Henry",1.3503260044841
"MO","Missouri","29085","Hickory",1.38210927017477
"MO","Missouri","29087","Holt",1.3321775181375
"MO","Missouri","29089","Howard",1.37849459518239
"AR","Arkansas","05041","Desha",1.38070553392763
"AR","Arkansas","05043","Drew",1.41762478284537
"AR","Arkansas","05055","Greene",1.42665639670464
"AR","Arkansas","05063","Independence",1.4058300487663
"AR","Arkansas","05067","Jackson",1.46577387050601
"AR","Arkansas","05069","Jefferson",1.39762237033908
"AR","Arkansas","05073","Lafayette",1.37424641452336
"AR","Arkansas","05075","Lawrence",1.43211009277398
"AR","Arkansas","05077","Lee",1.4331255205039
"AR","Arkansas","05079","Lincoln",1.39844048360189
"AR","Arkansas","05085","Lonoke",1.42507209861254
"AR","Arkansas","05093","Mississippi",1.39004571508996
"AR","Arkansas","05095","Monroe",1.42474201500362
"AR","Arkansas","05107","Phillips",1.41082551516839
"AR","Arkansas","05111","Poinsett",1.42984497027664
"AR","Arkansas","05117","Prairie",1.42984665118766
"AR","Arkansas","05119","Pulaski",1.42078742320163
"AR","Arkansas","05121","Randolph",1.44999739824079
"AR","Arkansas","05123","St. Francis",1.42897663211113
"AR","Arkansas","05145","White",1.41995076472779
"AR","Arkansas","05147","Woodruff",1.41719907255955
"AR","Arkansas","05149","Yell",1.4646231630627
"CA","California","06011","Colusa",1.44276222790077
"CA","California","06019","Fresno",1.4725839455873
"CA","California","06021","Glenn",1.43145245864026
"CA","California","06029","Kern",1.48517245836551
"CA","California","06031","Kings",1.40964581291649
"CA","California","06047","Merced",1.50053370827759
"CA","California","06067","Sacramento",1.38227221110461
"CA","California","06079","San Luis Obispo",1.48036028823396
"CA","California","06095","Solano",1.36731795644842
"CA","California","06101","Sutter",1.43285055862042
"CA","California","06107","Tulare",1.48815072923062
"CA","California","06113","Yolo",1.41048265090171
"CO","Colorado","08001","Adams",1.40205759592592
"CO","Colorado","08003","Alamosa",1.47945156027419
"CO","Colorado","08005","Arapahoe",1.34536745646
"CO","Colorado","08013","Boulder",1.37290148641977
"CO","Colorado","08017","Cheyenne",1.31739508236732
"CO","Colorado","08021","Conejos",1.36979326537895
"CO","Colorado","08023","Costilla",1.41972554456583
"CO","Colorado","08039","Elbert",1.41676605350203
"CO","Colorado","08061","Kiowa",1.33160548496314
"CO","Colorado","08063","Kit Carson",1.29382424384594
"CO","Colorado","08069","Larimer",1.38728855597791
"CO","Colorado","08073","Lincoln",1.40739821315668
"CO","Colorado","08075","Logan",1.40294830395802
"CO","Colorado","08077","Mesa",1.44357238813709
"CO","Colorado","08087","Morgan",1.44980185872318
"CO","Colorado","08089","Otero",1.40948012664553
"MO","Missouri","29095","Jackson",1.36358000446536
"MO","Missouri","29097","Jasper",1.35529322707685
"MO","Missouri","29099","Jefferson",1.41557974885022
"MO","Missouri","29101","Johnson",1.35436241290003
"MO","Missouri","29103","Knox",1.39840912529311
"MO","Missouri","29105","Laclede",1.37053523688416
"MO","Missouri","29107","Lafayette",1.31704408758717
"MO","Missouri","29109","Lawrence",1.37275741457038
"MO","Missouri","29111","Lewis",1.3979636427131
"MO","Missouri","29113","Lincoln",1.38576252762171
"MO","Missouri","29115","Linn",1.38463916874192
"MO","Missouri","29117","Livingston",1.36833615127091
"MO","Missouri","29121","Macon",1.39364163017332
"MO","Missouri","29125","Maries",1.42675402876944
"MO","Missouri","29127","Marion",1.37241462912619
"MO","Missouri","29131","Miller",1.4012128237576
"MO","Missouri","29133","Mississippi",1.4243849234144
"MO","Missouri","29135","Moniteau",1.39888280362296
"MO","Missouri","29137","Monroe",1.38801136305088
"MO","Missouri","29139","Montgomery",1.39496336503675
"MO","Missouri","29141","Morgan",1.39170188534538
"MO","Missouri","29143","New Madrid",1.40253526194814
"MO","Missouri","29145","Newton",1.36869829331713
"MO","Missouri","29147","Nodaway",1.35065995203059
"MO","Missouri","29151","Osage",1.41622998095483
"MO","Missouri","29155","Pemiscot",1.37809786833525
"MO","Missouri","29157","Perry",1.35877986843303
"MO","Missouri","29159","Pettis",1.36469738106644
"MO","Missouri","29163","Pike",1.38561260253924
"MO","Missouri","29165","Platte",1.35972163144495
"MO","Missouri","29167","Polk",1.39595028554721
"MO","Missouri","29171","Putnam",1.36363309266894
"MO","Missouri","29173","Ralls",1.3875397997739
"MO","Missouri","29175","Randolph",1.38927586454076
"MO","Missouri","29177","Ray",1.35861518382847
"MO","Missouri","29183","St. Charles",1.39675081963173
"MO","Missouri","29185","St. Clair",1.4054380169516
"MO","Missouri","29186","Ste. Genevieve",1.37526329106572
"MO","Missouri","29187","St. Francois",1.43105329432319
"MO","Missouri","29189","St. Louis",1.39200733375508
"MO","Missouri","29195","Saline",1.35479509109225
"MO","Missouri","29197","Schuyler",1.3711374335101
"MO","Missouri","29199","Scotland",1.39237018061257
"MO","Missouri","29201","Scott",1.45259331804753
"MO","Missouri","29205","Shelby",1.38769254068875
"MO","Missouri","29207","Stoddard",1.43075722316798
"MO","Missouri","29211","Sullivan",1.40328864171048
"MO","Missouri","29217","Vernon",1.40141411689547
"MO","Missouri","29219","Warren",1.3903457604146
"MO","Missouri","29223","Wayne",1.43162137885063
"MO","Missouri","29225","Webster",1.3789759981015
"MO","Missouri","29227","Worth",1.36748466077891
"MT","Montana","30001","Beaverhead",1.37534460914785
"MT","Montana","30003","Big Horn",1.33810694964115
"MT","Montana","30005","Blaine",1.40079490804442
"MT","Montana","30007","Broadwater",1.34475730666066
"MT","Montana","30009","Carbon",1.33609312906294
"MT","Montana","30011","Carter",1.37918706697832
"MT","Montana","30013","Cascade",1.32958269712388
"MT","Montana","30015","Chouteau",1.38047054409177
"MT","Montana","30017","Custer",1.36284473467099
"MT","Montana","30021","Dawson",1.3197125136218
"MT","Montana","30025","Fallon",1.37961530007113
"MT","Montana","30027","Fergus",1.32147513810775
"MT","Montana","30029","Flathead",1.26496259205761
"MT","Montana","30031","Gallatin",1.27647333588715
"MT","Montana","30033","Garfield",1.32935804035175
"MT","Montana","30035","Glacier",1.34004776788631
"MT","Montana","30037","Golden Valley",1.39264963449761
"MT","Montana","30041","Hill",1.41094882800689
"MT","Montana","30045","Judith Basin",1.32313330384833
"MT","Montana","30047","Lake",1.34913646112078
"MT","Montana","30049","Lewis and Clark",1.33886105345452
"MT","Montana","30051","Liberty",1.39749772926686
"MT","Montana","30055","McCone",1.34599534971507
"MT","Montana","30059","Meagher",1.31503835421845
"MT","Montana","30065","Musselshell",1.38911373303683
"MT","Montana","30067","Park",1.39762374105341
"MT","Montana","30069","Petroleum",1.37206362091762
"MT","Montana","30071","Phillips",1.37879739814557
"MT","Montana","30073","Pondera",1.34966099677583
"MT","Montana","30075","Powder River",1.33871953479788
"MT","Montana","30079","Prairie",1.35391261387425
"MT","Montana","30083","Richland",1.3511153929722
"MT","Montana","30085","Roosevelt",1.38527514978653
"MT","Montana","30087","Rosebud",1.34462601928489
"MT","Montana","30095","Stillwater",1.33157489220561
"MT","Montana","30099","Teton",1.33795680001293
"MT","Montana","30101","Toole",1.40626876234354
"MT","Montana","30103","Treasure",1.3346944751829
"MT","Montana","30105","Valley",1.38099899029678
"MT","Montana","30107","Wheatland",1.41611845855865
"MT","Montana","30111","Yellowstone",1.35709821522628
"NE","Nebraska","31001","Adams",1.39426386370266
"NE","Nebraska","31003","Antelope",1.47690948203214
"NE","Nebraska","31007","Banner",1.37822821155435
"NE","Nebraska","31011","Boone",1.32640620416543
"NE","Nebraska","31013","Box Butte",1.36997200523283
"NE","Nebraska","31015","Boyd",1.38130802540948
"NE","Nebraska","31017","Brown",1.47999703215862
"NE","Nebraska","31019","Buffalo",1.3843552869591
"NE","Nebraska","31021","Burt",1.33561944478498
"NE","Nebraska","31023","Butler",1.3685746580143
"NE","Nebraska","31025","Cass",1.36022367566998
"NE","Nebraska","31027","Cedar",1.35821253981899
"NE","Nebraska","31029","Chase",1.40030603511543
"NE","Nebraska","31031","Cherry",1.49039254767077
"NE","Nebraska","31033","Cheyenne",1.31862663834893
"NE","Nebraska","31035","Clay",1.36827774908456
"NE","Nebraska","31037","Colfax",1.34574968216688
"NE","Nebraska","31039","Cuming",1.34432802333904
"NE","Nebraska","31041","Custer",1.39901416296544
"NE","Nebraska","31043","Dakota",1.32154601742023
"NE","Nebraska","31045","Dawes",1.30680014678104
"NE","Nebraska","31047","Dawson",1.36112025410781
"NE","Nebraska","31049","Deuel",1.37719868839268
"NE","Nebraska","31051","Dixon",1.33693917748826
"NE","Nebraska","31053","Dodge",1.33712201367575
"NE","Nebraska","31055","Douglas",1.34074411909997
"NE","Nebraska","31057","Dundy",1.52998233231084
"NE","Nebraska","31059","Fillmore",1.35599482438149
"NE","Nebraska","31061","Franklin",1.39403798864567
"NE","Nebraska","31063","Frontier",1.3631540640553
"NE","Nebraska","31065","Furnas",1.37978787121482
"NE","Nebraska","31067","Gage",1.3481851107262
"NE","Nebraska","31069","Garden",1.36389342311075
"NE","Nebraska","31071","Garfield",1.45170088121686
"NE","Nebraska","31073","Gosper",1.37727756345309
"NE","Nebraska","31077","Greeley",1.38706768393974
"NE","Nebraska","31079","Hall",1.38497701009232
"NE","Nebraska","31081","Hamilton",1.37972908243297
"NE","Nebraska","31083","Harlan",1.38012890220972
"NE","Nebraska","31085","Hayes",1.36493501125818
"NE","Nebraska","31087","Hitchcock",1.28427022900815
"NE","Nebraska","31089","Holt",1.49972644001827
"NE","Nebraska","31093","Howard",1.42462713140979
"NE","Nebraska","31095","Jefferson",1.35562124721502
"NE","Nebraska","31097","Johnson",1.36469821989443
"NE","Nebraska","31099","Kearney",1.41895537906866
"NE","Nebraska","31101","Keith",1.36198034833514
"NE","Nebraska","31103","Keya Paha",1.43205242095295
"NE","Nebraska","31105","Kimball",1.41990344053565
"NE","Nebraska","31107","Knox",1.3701099706737
"NE","Nebraska","31109","Lancaster",1.35599675124042
"NE","Nebraska","31111","Lincoln",1.45198768795716
"NE","Nebraska","31113","Logan",1.47298915289428
"NE","Nebraska","31115","Loup",1.44902360329467
"NE","Nebraska","31119","Madison",1.38411452542069
"NE","Nebraska","31121","Merrick",1.47228176574508
"NE","Nebraska","31123","Morrill",1.4519726397012
"NE","Nebraska","31125","Nance",1.37959972488821
"NE","Nebraska","31127","Nemaha",1.3619968900497
"NE","Nebraska","31129","Nuckolls",1.37426344163319
"NE","Nebraska","31131","Otoe",1.36164272612321
"NE","Nebraska","31133","Pawnee",1.35611364825974
"NE","Nebraska","31135","Perkins",1.35912231592867
"NE","Nebraska","31137","Phelps",1.39273466307816
"NE","Nebraska","31139","Pierce",1.43901203775392
"NE","Nebraska","31141","Platte",1.35955342179279
"NE","Nebraska","31143","Polk",1.37616725333866
"NE","Nebraska","31145","Red Willow",1.36012336158532
"NE","Nebraska","31147","Richardson",1.33827141408807
"NE","Nebraska","31149","Rock",1.53856887685695
"NE","Nebraska","31151","Saline",1.36126897910487
"NE","Nebraska","31153","Sarpy",1.31348109704001
"NE","Nebraska","31155","Saunders",1.36746593870092
"NE","Nebraska","31157","Scotts Bluff",1.40677319677696
"NE","Nebraska","31159","Seward",1.3567045421545
"NE","Nebraska","31161","Sheridan",1.36543769809444
"NE","Nebraska","31163","Sherman",1.38410051037662
"NE","Nebraska","31165","Sioux",1.43793650790313
"NE","Nebraska","31167","Stanton",1.3702885373714
"NE","Nebraska","31169","Thayer",1.36219154768063
"NE","Nebraska","31173","Thurston",1.33480999950074
"NE","Nebraska","31175","Valley",1.37497844248042
"NE","Nebraska","31177","Washington",1.31531435419215
"NE","Nebraska","31179","Wayne",1.3316889402781
"NE","Nebraska","31181","Webster",1.37784642273376
"NE","Nebraska","31183","Wheeler",1.53821081252694
"NE","Nebraska","31185","York",1.37504264285186
"NJ","New Jersey","34005","Burlington",1.38701037219299
"NJ","New Jersey","34011","Cumberland",1.41524073991266
"NJ","New Jersey","34015","Gloucester",1.55041995557177
"NJ","New Jersey","34019","Hunterdon",1.33784006776884
"NJ","New Jersey","34021","Mercer",1.41205253889896
"NJ","New Jersey","34023","Middlesex",1.52593477090026
"NJ","New Jersey","34025","Monmouth",1.47979421993763
"NJ","New Jersey","34027","Morris",1.35673983229803
"NJ","New Jersey","34033","Salem",1.40150527406082
"NJ","New Jersey","34035","Somerset",1.36318710636173
"NM","New Mexico","35005","Chaves",1.31829488157167
"NM","New Mexico","35013","Dona Ana",1.46421263750671
"NM","New Mexico","35015","Eddy",1.4183857757284
"NM","New Mexico","35025","Lea",1.44779175312494
"NY","New York","36001","Albany",1.28363889306486
"NY","New York","36003","Allegany",1.32039788036893
"NY","New York","36007","Broome",1.32019895273245
"NY","New York","36009","Cattaraugus",1.30846100590769
"NY","New York","36011","Cayuga",1.2827405987161
"NY","New York","36013","Chautauqua",1.31123633318353
"NY","New York","36015","Chemung",1.29123450503468
"NY","New York","36017","Chenango",1.29563419041556
"NY","New York","36021","Columbia",1.27695607686548
"NY","New York","36023","Cortland",1.32384869215336
"NY","New York","36025","Delaware",1.31909466843164
"NY","New York","36027","Dutchess",1.26556591159214
"NY","New York","36029","Erie",1.29982172688968
"NY","New York","36037","Genesee",1.28317746972941
"NY","New York","36043","Herkimer",1.29579000263727
"NY","New York","36045","Jefferson",1.26795510306949
"NY","New York","36049","Lewis",1.31804780015224
"NY","New York","36051","Livingston",1.28593244862425
"NY","New York","36053","Madison",1.26858333594594
"NY","New York","36055","Monroe",1.32001147409519
"NY","New York","36057","Montgomery",1.29522336993563
"NY","New York","36063","Niagara",1.25416970948089
"NY","New York","36065","Oneida",1.28355041353324
"NY","New York","36067","Onondaga",1.29337257126564
"NY","New York","36069","Ontario",1.30722161786995
"NY","New York","36073","Orleans",1.2737678445291
"NY","New York","36075","Oswego",1.21561838997839
"NY","New York","36077","Otsego",1.30161926533796
"NY","New York","36083","Rensselaer",1.24782017796669
"NY","New York","36089","St. Lawrence",1.22358447216386
"NY","New York","36091","Saratoga",1.26790761876903
"NY","New York","36095","Schoharie",1.29331392970013
"NY","New York","36097","Schuyler",1.28570406122251
"NY","New York","36099","Seneca",1.27788562523347
"NY","New York","36101","Steuben",1.2927920766868
"NY","New York","36107","Tioga",1.30832619019303
"NY","New York","36109","Tompkins",1.25812856194903
"NY","New York","36111","Ulster",1.30054391973137
"NY","New York","36115","Washington",1.23020309604034
"NY","New York","36117","Wayne",1.28156691822042
"NY","New York","36121","Wyoming",1.27795870371426
"NY","New York","36123","Yates",1.26939851637159
"NC","North Carolina","37001","Alamance",1.472915640685
"NC","North Carolina","37003","Alexander",1.44276619355916
"NC","North Carolina","37007","Anson",1.45561133857208
"NC","North Carolina","37013","Beaufort",1.38113588578856
"NC","North Carolina","37015","Bertie",1.46990981310647
"NC","North Carolina","37017","Bladen",1.43727898115044
"NC","North Carolina","37019","Brunswick",1.53094929344791
"NC","North Carolina","37023","Burke",1.44486045881753
"NC","North Carolina","37025","Cabarrus",1.42196614741295
"NC","North Carolina","37027","Caldwell",1.42590467107395
"NC","North Carolina","37029","Camden",1.26594254936959
"NC","North Carolina","37033","Caswell",1.51600962788539
"NC","North Carolina","37035","Catawba",1.45899292978915
"NC","North Carolina","37037","Chatham",1.38354097437279
"NC","North Carolina","37041","Chowan",1.41950309464879
"NC","North Carolina","37045","Cleveland",1.42534032486167
"NC","North Carolina","37047","Columbus",1.52943497347748
"NC","North Carolina","37049","Craven",1.48351258838067
"NC","North Carolina","37051","Cumberland",1.52249756496369
"NC","North Carolina","37053","Currituck",1.22876814257517
"NC","North Carolina","37057","Davidson",1.43189274651053
"NC","North Carolina","37059","Davie",1.44770071727338
"NC","North Carolina","37061","Duplin",1.52613488863702
"NC","North Carolina","37065","Edgecombe",1.50333814566969
"NC","North Carolina","37067","Forsyth",1.41473425487235
"NC","North Carolina","37069","Franklin",1.4869011520399
"NC","North Carolina","37071","Gaston",1.40851376951391
"NC","North Carolina","37073","Gates",1.46276627581791
"NC","North Carolina","37077","Granville",1.49453115644594
"NC","North Carolina","37079","Greene",1.5439453519004
"NC","North Carolina","37081","Guilford",1.4693902170494
"NC","North Carolina","37083","Halifax",1.43592976384234
"NC","North Carolina","37085","Harnett",1.55739007182573
"NC","North Carolina","37089","Henderson",1.37881908087264
"NC","North Carolina","37091","Hertford",1.47779534095454
"NC","North Carolina","37093","Hoke",1.56515472606674
"NC","North Carolina","37097","Iredell",1.43330301282303
"NC","North Carolina","37101","Johnston",1.52537000001352
"NC","North Carolina","37103","Jones",1.51588937821237
"NC","North Carolina","37105","Lee",1.53273797859963
"NC","North Carolina","37107","Lenoir",1.53808631646996
"NC","North Carolina","37109","Lincoln",1.43009614273044
"NC","North Carolina","37117","Martin",1.51278871382098
"NC","North Carolina","37125","Moore",1.56586091734807
"NC","North Carolina","37127","Nash",1.5209691979707
"NC","North Carolina","37131","Northampton",1.46961672891678
"NC","North Carolina","37133","Onslow",1.53502290503735
"NC","North Carolina","37135","Orange",1.48687762594509
"NC","North Carolina","37143","Perquimans",1.3292892111997
"NC","North Carolina","37145","Person",1.45372102671157
"NC","North Carolina","37147","Pitt",1.49105315554397
"NC","North Carolina","37151","Randolph",1.41140912524848
"NC","North Carolina","37155","Robeson",1.53382704040771
"NC","North Carolina","37157","Rockingham",1.47934718042007
"NC","North Carolina","37159","Rowan",1.44354620540939
"NC","North Carolina","37161","Rutherford",1.44064398549291
"NC","North Carolina","37163","Sampson",1.55684315968187
"NC","North Carolina","37165","Scotland",1.54437277704615
"NC","North Carolina","37167","Stanly",1.42323851105876
"NC","North Carolina","37169","Stokes",1.42808530117848
"NC","North Carolina","37171","Surry",1.40857939077132
"NC","North Carolina","37179","Union",1.43652966980447
"NC","North Carolina","37181","Vance",1.50835951634537
"NC","North Carolina","37183","Wake",1.57483078382929
"NC","North Carolina","37185","Warren",1.46901613210539
"NC","North Carolina","37187","Washington",1.01887543386633
"NC","North Carolina","37191","Wayne",1.5319884422444
"NC","North Carolina","37193","Wilkes",1.42480226163268
"NC","North Carolina","37195","Wilson",1.52808731964427
"NC","North Carolina","37197","Yadkin",1.46111630478893
"ND","North Dakota","38001","Adams",1.36395719566369
"ND","North Dakota","38003","Barnes",1.34060675067899
"ND","North Dakota","38005","Benson",1.36329136233342
"ND","North Dakota","38009","Bottineau",1.33098382886345
"ND","North Dakota","38011","Bowman",1.34146564178148
"ND","North Dakota","38013","Burke",1.30147290672758
"ND","North Dakota","38015","Burleigh",1.40423550813843
"ND","North Dakota","38017","Cass",1.28317476664514
"ND","North Dakota","38019","Cavalier",1.33321272338202
"ND","North Dakota","38021","Dickey",1.33987574163308
"ND","North Dakota","38025","Dunn",1.35000197299787
"ND","North Dakota","38027","Eddy",1.36421826348316
"ND","North Dakota","38029","Emmons",1.37227103056059
"ND","North Dakota","38031","Foster",1.35598804642874
"ND","North Dakota","38033","Golden Valley",1.33505167021621
"ND","North Dakota","38035","Grand Forks",1.29974427663582
"ND","North Dakota","38039","Griggs",1.34409750483709
"ND","North Dakota","38041","Hettinger",1.34817181311978
"ND","North Dakota","38043","Kidder",1.45762735777669
"ND","North Dakota","38045","LaMoure",1.34382544302079
"ND","North Dakota","38047","Logan",1.41660423363645
"ND","North Dakota","38049","McHenry",1.3752987233856
"ND","North Dakota","38051","McIntosh",1.40362929128425
"ND","North Dakota","38053","McKenzie",1.35006780691611
"ND","North Dakota","38055","McLean",1.39689545446393
"ND","North Dakota","38057","Mercer",1.33379806429239
"ND","North Dakota","38059","Morton",1.35462419778927
"ND","North Dakota","38063","Nelson",1.34756195402047
"ND","North Dakota","38065","Oliver",1.33445979314439
"ND","North Dakota","38067","Pembina",1.26894860199168
"ND","North Dakota","38069","Pierce",1.35315087703957
"ND","North Dakota","38071","Ramsey",1.35202808038295
"ND","North Dakota","38073","Ransom",1.33658833535921
"ND","North Dakota","38075","Renville",1.350676440712
"ND","North Dakota","38077","Richland",1.29058370246484
"ND","North Dakota","38079","Rolette",1.3593721068977
"ND","North Dakota","38081","Sargent",1.32756485065245
"ND","North Dakota","38083","Sheridan",1.38408796769768
"ND","North Dakota","38087","Slope",1.33384583705823
"ND","North Dakota","38089","Stark",1.36124476507808
"ND","North Dakota","38091","Steele",1.33344623179029
"ND","North Dakota","38093","Stutsman",1.36884528495809
"ND","North Dakota","38095","Towner",1.35404000898378
"ND","North Dakota","38097","Traill",1.26371869880598
"ND","North Dakota","38099","Walsh",1.28782918662426
"ND","North Dakota","38101","Ward",1.36809946397649
"ND","North Dakota","38103","Wells",1.35584490295279
"ND","North Dakota","38105","Williams",1.36291003857002
"OH","Ohio","39001","Adams",1.40770731334418
"OH","Ohio","39003","Allen",1.45634726047163
"OH","Ohio","39005","Ashland",1.41241160381844
"OH","Ohio","39007","Ashtabula",1.3421905972693
"OH","Ohio","39009","Athens",1.3922907002561
"OH","Ohio","39011","Auglaize",1.4645633484154
"OH","Ohio","39015","Brown",1.42246863335913
"OH","Ohio","39017","Butler",1.43425364460215
"OH","Ohio","39019","Carroll",1.39168533417941
"OH","Ohio","39021","Champaign",1.43323096444807
"OH","Ohio","39023","Clark",1.42064139290791
"OH","Ohio","39025","Clermont",1.41903666268562
"OH","Ohio","39027","Clinton",1.42364925802389
"OH","Ohio","39029","Columbiana",1.41382785088582
"OH","Ohio","39031","Coshocton",1.41607142647882
"OH","Ohio","39033","Crawford",1.44265961453022
"OH","Ohio","39037","Darke",1.45300430390195
"OH","Ohio","39039","Defiance",1.39563117339005
"OH","Ohio","39041","Delaware",1.45833693336399
"OH","Ohio","39043","Erie",1.41526632331693
"OH","Ohio","39045","Fairfield",1.42325694490001
"OH","Ohio","39047","Fayette",1.45575875261401
"OH","Ohio","39049","Franklin",1.44057789646857
"OH","Ohio","39051","Fulton",1.44963901254979
"OH","Ohio","39053","Gallia",1.39813087039708
"OH","Ohio","39055","Geauga",1.40615250725287
"OH","Ohio","39057","Greene",1.43556297379059
"OH","Ohio","39059","Guernsey",1.4161633824531
"OH","Ohio","39061","Hamilton",1.38482530018251
"OH","Ohio","39063","Hancock",1.44273857852416
"OH","Ohio","39065","Hardin",1.41669440805564
"OH","Ohio","39067","Harrison",1.42711603790907
"OH","Ohio","39069","Henry",1.40807244980144
"OH","Ohio","39071","Highland",1.42309622671886
"OH","Ohio","39073","Hocking",1.42747679208675
"OH","Ohio","39075","Holmes",1.41885716017428
"OH","Ohio","39077","Huron",1.43310589580735
"OH","Ohio","39079","Jackson",1.3881141416759
"OH","Ohio","39081","Jefferson",1.41152532051192
"OH","Ohio","39083","Knox",1.42016461186077
"OH","Ohio","39087","Lawrence",1.39282439372338
"OH","Ohio","39089","Licking",1.42716378634749
"OH","Ohio","39091","Logan",1.42401608037452
"OH","Ohio","39093","Lorain",1.39854089368442
"OH","Ohio","39095","Lucas",1.40517394279353
"OH","Ohio","39097","Madison",1.44191450490874
"OH","Ohio","39099","Mahoning",1.40936400366856
"OH","Ohio","39101","Marion",1.42194150219522
"OH","Ohio","39103","Medina",1.39512319951151
"OH","Ohio","39105","Meigs",1.35963039300427
"OH","Ohio","39107","Mercer",1.4621036767098
"OH","Ohio","39109","Miami",1.44811829858984
"OH","Ohio","39113","Montgomery",1.44655186521017
"OH","Ohio","39115","Morgan",1.42288694214049
"OH","Ohio","39117","Morrow",1.43346248315465
"OH","Ohio","39119","Muskingum",1.40439243768084
"OH","Ohio","39123","Ottawa",1.38835661691619
"OH","Ohio","39125","Paulding",1.36041350399715
"OH","Ohio","39127","Perry",1.4079833692954
"OH","Ohio","39129","Pickaway",1.43131610886231
"OH","Ohio","39131","Pike",1.36695877840843
"OH","Ohio","39133","Portage",1.39314212774969
"OH","Ohio","39135","Preble",1.43732904308706
"OH","Ohio","39137","Putnam",1.39056444342127
"OH","Ohio","39139","Richland",1.41470443871503
"OH","Ohio","39141","Ross",1.39474653879614
"OH","Ohio","39143","Sandusky",1.42921530310981
"OH","Ohio","39145","Scioto",1.38265705167425
"OH","Ohio","39147","Seneca",1.43687823091185
"OH","Ohio","39149","Shelby",1.46586730005223
"OH","Ohio","39151","Stark",1.39359080574304
"OH","Ohio","39155","Trumbull",1.40051809315829
"OH","Ohio","39157","Tuscarawas",1.40971287206042
"OH","Ohio","39159","Union",1.44509764407271
"OH","Ohio","39161","Van Wert",1.44032108519613
"OH","Ohio","39165","Warren",1.43096586827139
"OH","Ohio","39167","Washington",1.38918631113724
"OH","Ohio","39169","Wayne",1.39464890021558
"OH","Ohio","39171","Williams",1.43326078178874
"OH","Ohio","39173","Wood",1.41154694797863
"OH","Ohio","39175","Wyandot",1.42974908980323
"OK","Oklahoma","40003","Alfalfa",1.44296642927659
"OK","Oklahoma","40007","Beaver",1.43602817224442
"OK","Oklahoma","40009","Beckham",1.52085432116929
"OK","Oklahoma","40011","Blaine",1.47406714614119
"OK","Oklahoma","40013","Bryan",1.43948850687219
"OK","Oklahoma","40015","Caddo",1.44634379057471
"OK","Oklahoma","40017","Canadian",1.44304439375847
"OK","Oklahoma","40023","Choctaw",1.41049028436864
"OK","Oklahoma","40025","Cimarron",1.44612698788218
"OK","Oklahoma","40027","Cleveland",1.43233690415214
"OK","Oklahoma","40031","Comanche",1.40800396854883
"OK","Oklahoma","40033","Cotton",1.41425344831451
"OK","Oklahoma","40035","Craig",1.40147551357612
"OK","Oklahoma","40037","Creek",1.45909150503737
"OK","Oklahoma","40039","Custer",1.42114220354334
"OK","Oklahoma","40041","Delaware",1.40145831707169
"OK","Oklahoma","40043","Dewey",1.46653485311874
"OK","Oklahoma","40045","Ellis",1.45657007314352
"OK","Oklahoma","40047","Garfield",1.41646027737937
"OK","Oklahoma","40049","Garvin",1.43275863333526
"OK","Oklahoma","40051","Grady",1.43906499199085
"OK","Oklahoma","40053","Grant",1.39197077121583
"OK","Oklahoma","40055","Greer",1.46886728348316
"OK","Oklahoma","40057","Harmon",1.46777180727393
"OK","Oklahoma","40059","Harper",1.42685988696066
"OK","Oklahoma","40063","Hughes",1.44404203054226
"OK","Oklahoma","40065","Jackson",1.44295009146527
"OK","Oklahoma","40067","Jefferson",1.44098562348098
"OK","Oklahoma","40071","Kay",1.38752180559148
"OK","Oklahoma","40073","Kingfisher",1.46665866324322
"OK","Oklahoma","40075","Kiowa",1.41611497797909
"OK","Oklahoma","40081","Lincoln",1.46993319314201
"OK","Oklahoma","40083","Logan",1.45498148343242
"OK","Oklahoma","40087","McClain",1.42939692685813
"OK","Oklahoma","40089","McCurtain",1.42665847715561
"OK","Oklahoma","40093","Major",1.51482477999
"OK","Oklahoma","40097","Mayes",1.39930878094704
"OK","Oklahoma","40101","Muskogee",1.43193461525881
"OK","Oklahoma","40103","Noble",1.40552870408432
"OK","Oklahoma","40105","Nowata",1.41548136798152
"OK","Oklahoma","40109","Oklahoma",1.43998132672845
"OK","Oklahoma","40111","Okmulgee",1.42565332809707
"OK","Oklahoma","40113","Osage",1.45601345654874
"OK","Oklahoma","40115","Ottawa",1.40129115301985
"OK","Oklahoma","40117","Pawnee",1.41627598706967
"OK","Oklahoma","40119","Payne",1.45978150113516
"OK","Oklahoma","40125","Pottawatomie",1.45833291429682
"OK","Oklahoma","40129","Roger Mills",1.48086707660178
"OK","Oklahoma","40131","Rogers",1.41638774665627
"OK","Oklahoma","40135","Sequoyah",1.46354051430278
"OK","Oklahoma","40137","Stephens",1.44473743712363
"OK","Oklahoma","40139","Texas",1.41550051582449
"OK","Oklahoma","40141","Tillman",1.44627899774567
"OK","Oklahoma","40145","Wagoner",1.41669569943404
"OK","Oklahoma","40147","Washington",1.43294119548267
"OK","Oklahoma","40149","Washita",1.43954477538064
"OK","Oklahoma","40151","Woods",1.47195568195352
"OK","Oklahoma","40153","Woodward",1.48075414401005
"OR","Oregon","41001","Baker",1.2528440998108
"OR","Oregon","41005","Clackamas",1.34942820480646
"OR","Oregon","41021","Gilliam",1.2636053173667
"OR","Oregon","41039","Lane",1.27793503631032
"OR","Oregon","41043","Linn",1.29425654010053
"OR","Oregon","41045","Malheur",1.28304657588904
"OR","Oregon","41047","Marion",1.29482968178829
"CO","Colorado","08095","Phillips",1.38367869890975
"CO","Colorado","08099","Prowers",1.3029164684485
"CO","Colorado","08101","Pueblo",1.33284506283806
"CO","Colorado","08105","Rio Grande",1.40145997764099
"CO","Colorado","08109","Saguache",1.43184782604536
"CO","Colorado","08115","Sedgwick",1.32699362625138
"CO","Colorado","08121","Washington",1.39301348878812
"CO","Colorado","08123","Weld",1.41297528017438
"CO","Colorado","08125","Yuma",1.42057373982806
"DE","Delaware","10001","Kent",1.53161799321991
"DE","Delaware","10003","New Castle",1.50304585176871
"FL","Florida","12013","Calhoun",1.57162246674077
"FL","Florida","12033","Escambia",1.50791706155239
"FL","Florida","12059","Holmes",1.583355612192
"FL","Florida","12063","Jackson",1.55528511894186
"FL","Florida","12113","Santa Rosa",1.58609126128002
"FL","Florida","12121","Suwannee",1.54192608046421
"FL","Florida","12133","Washington",1.55355656964646
"GA","Georgia","13001","Appling",1.52095183886779
"GA","Georgia","13003","Atkinson",1.51603241202164
"GA","Georgia","13007","Baker",1.58664208314846
"GA","Georgia","13015","Bartow",1.46477238609249
"GA","Georgia","13017","Ben Hill",1.59706639138029
"GA","Georgia","13019","Berrien",1.52150056210973
"GA","Georgia","13023","Bleckley",1.55189270318035
"GA","Georgia","13025","Brantley",1.52792922717451
"GA","Georgia","13027","Brooks",1.59745874093251
"GA","Georgia","13031","Bulloch",1.59622452847769
"GA","Georgia","13033","Burke",1.57338752912417
"GA","Georgia","13037","Calhoun",1.54153635532761
"GA","Georgia","13043","Candler",1.59060538346115
"GA","Georgia","13055","Chattooga",1.43141706681212
"GA","Georgia","13061","Clay",1.52937315090173
"GA","Georgia","13071","Colquitt",1.60319353119756
"GA","Georgia","13075","Cook",1.58254943292592
"GA","Georgia","13081","Crisp",1.5963102443172
"GA","Georgia","13087","Decatur",1.5629357282938
"GA","Georgia","13093","Dooly",1.55919701654446
"GA","Georgia","13099","Early",1.5640747206455
"GA","Georgia","13107","Emanuel",1.58543859198753
"GA","Georgia","13129","Gordon",1.44838338018531
"GA","Georgia","13131","Grady",1.59128380416464
"GA","Georgia","13147","Hart",1.4464660498255
"GA","Georgia","13153","Houston",1.50953273455695
"GA","Georgia","13155","Irwin",1.60165513562864
"GA","Georgia","13161","Jeff Davis",1.52058160672706
"GA","Georgia","13163","Jefferson",1.56313357392972
"GA","Georgia","13165","Jenkins",1.5775931872447
"GA","Georgia","13167","Johnson",1.56652544569751
"GA","Georgia","13173","Lanier",1.51664846249558
"OR","Oregon","41049","Morrow",1.32354954743438
"OR","Oregon","41053","Polk",1.29065745249027
"OR","Oregon","41055","Sherman",1.24948377512593
"OR","Oregon","41059","Umatilla",1.29533122257959
"OR","Oregon","41061","Union",1.23992443385892
"OR","Oregon","41063","Wallowa",1.18739871448794
"OR","Oregon","41065","Wasco",1.23084450901193
"OR","Oregon","41067","Washington",1.28022692992874
"OR","Oregon","41071","Yamhill",1.30684491101005
"PA","Pennsylvania","42001","Adams",1.37848124109831
"PA","Pennsylvania","42003","Allegheny",1.37304288867742
"PA","Pennsylvania","42005","Armstrong",1.3678473715701
"PA","Pennsylvania","42007","Beaver",1.39141754915236
"PA","Pennsylvania","42009","Bedford",1.3626282244181
"PA","Pennsylvania","42011","Berks",1.35746833347739
"PA","Pennsylvania","42013","Blair",1.32520016933669
"PA","Pennsylvania","42015","Bradford",1.31257552740095
"PA","Pennsylvania","42017","Bucks",1.37147015745032
"PA","Pennsylvania","42019","Butler",1.37486716460894
"PA","Pennsylvania","42025","Carbon",1.3582611486778
"PA","Pennsylvania","42027","Centre",1.36582893806012
"PA","Pennsylvania","42029","Chester",1.41870788835747
"PA","Pennsylvania","42031","Clarion",1.35791311853946
"PA","Pennsylvania","42035","Clinton",1.36127472175901
"PA","Pennsylvania","42037","Columbia",1.36925137026047
"PA","Pennsylvania","42039","Crawford",1.34951011695994
"PA","Pennsylvania","42041","Cumberland",1.34173218003823
"PA","Pennsylvania","42043","Dauphin",1.37033905704713
"PA","Pennsylvania","42049","Erie",1.36185629202653
"PA","Pennsylvania","42055","Franklin",1.35596749483522
"PA","Pennsylvania","42057","Fulton",1.37351633942949
"PA","Pennsylvania","42059","Greene",1.36140921627074
"PA","Pennsylvania","42061","Huntingdon",1.33562366740706
"PA","Pennsylvania","42063","Indiana",1.3643833335013
"PA","Pennsylvania","42067","Juniata",1.34104585136892
"PA","Pennsylvania","42069","Lackawanna",1.26012517458674
"PA","Pennsylvania","42071","Lancaster",1.3737155887138
"PA","Pennsylvania","42073","Lawrence",1.42420093838669
"PA","Pennsylvania","42075","Lebanon",1.35196785999928
"PA","Pennsylvania","42077","Lehigh",1.36665932108745
"PA","Pennsylvania","42079","Luzerne",1.29831450325646
"PA","Pennsylvania","42081","Lycoming",1.34882291139613
"PA","Pennsylvania","42085","Mercer",1.39666507148045
"PA","Pennsylvania","42087","Mifflin",1.35574140279702
"PA","Pennsylvania","42089","Monroe",1.3263185329455
"PA","Pennsylvania","42093","Montour",1.37698707183156
"PA","Pennsylvania","42095","Northampton",1.361308958377
"PA","Pennsylvania","42097","Northumberland",1.36218627620303
"PA","Pennsylvania","42099","Perry",1.3478508491251
"PA","Pennsylvania","42105","Potter",1.31514921128345
"PA","Pennsylvania","42107","Schuylkill",1.34396663505839
"PA","Pennsylvania","42109","Snyder",1.37473257289217
"PA","Pennsylvania","42113","Sullivan",1.25050969328353
"PA","Pennsylvania","42117","Tioga",1.2999263591888
"PA","Pennsylvania","42119","Union",1.36791779527552
"PA","Pennsylvania","42121","Venango",1.38957682057233
"PA","Pennsylvania","42123","Warren",1.3534441832264
"PA","Pennsylvania","42125","Washington",1.35063195134191
"PA","Pennsylvania","42129","Westmoreland",1.37821391100086
"PA","Pennsylvania","42131","Wyoming",1.29345800476232
"PA","Pennsylvania","42133","York",1.38471723028587
"SC","South Carolina","45003","Aiken",1.58037891441196
"SC","South Carolina","45005","Allendale",1.52469317339412
"SC","South Carolina","45007","Anderson",1.42613068228629
"SC","South Carolina","45009","Bamberg",1.54233772480216
"SC","South Carolina","45011","Barnwell",1.53941061904275
"SC","South Carolina","45015","Berkeley",1.50091126044479
"SC","South Carolina","45017","Calhoun",1.55621257617931
"SC","South Carolina","45019","Charleston",1.4631549135408
"SC","South Carolina","45023","Chester",1.44051402475008
"SC","South Carolina","45025","Chesterfield",1.48017331665177
"SC","South Carolina","45027","Clarendon",1.49673624173615
"SC","South Carolina","45029","Colleton",1.55764063705746
"SC","South Carolina","45031","Darlington",1.59996648724192
"SC","South Carolina","45033","Dillon",1.45159537070138
"SC","South Carolina","45035","Dorchester",1.59200586022644
"SC","South Carolina","45037","Edgefield",1.53069093387222
"SC","South Carolina","45041","Florence",1.54645785983059
"SC","South Carolina","45043","Georgetown",1.47235961772185
"SC","South Carolina","45049","Hampton",1.58453643083779
"SC","South Carolina","45051","Horry",1.49251158834529
"SC","South Carolina","45055","Kershaw",1.535206114088
"SC","South Carolina","45061","Lee",1.53042502183096
"SC","South Carolina","45063","Lexington",1.54634034733756
"SC","South Carolina","45067","Marion",1.49014963655629
"SC","South Carolina","45069","Marlboro",1.54247638709398
"SC","South Carolina","45071","Newberry",1.44939452881628
"SC","South Carolina","45073","Oconee",1.45931334882952
"SC","South Carolina","45075","Orangeburg",1.55460850907236
"SC","South Carolina","45079","Richland",1.50703078808143
"SC","South Carolina","45081","Saluda",1.44392518310652
"SC","South Carolina","45083","Spartanburg",1.40720421508665
"SC","South Carolina","45085","Sumter",1.51670507954746
"SC","South Carolina","45089","Williamsburg",1.53117609179897
"SD","South Dakota","46003","Aurora",1.36130034233045
"SD","South Dakota","46005","Beadle",1.34937321615773
"SD","South Dakota","46007","Bennett",1.30833976496118
"SD","South Dakota","46009","Bon Homme",1.3446427218778
"SD","South Dakota","46011","Brookings",1.32714451732748
"SD","South Dakota","46013","Brown",1.30632240071901
"SD","South Dakota","46015","Brule",1.32263037187344
"SD","South Dakota","46019","Butte",1.31314493865559
"SD","South Dakota","46021","Campbell",1.39168546696847
"SD","South Dakota","46023","Charles Mix",1.34491109454676
"SD","South Dakota","46025","Clark",1.34641739224772
"SD","South Dakota","46027","Clay",1.27758289861916
"SD","South Dakota","46029","Codington",1.32840015905679
"SD","South Dakota","46031","Corson",1.33059828978404
"SD","South Dakota","46035","Davison",1.36538267857978
"SD","South Dakota","46037","Day",1.35217064505248
"SD","South Dakota","46039","Deuel",1.33783897474508
"SD","South Dakota","46043","Douglas",1.35175265545207
"SD","South Dakota","46045","Edmunds",1.36713478246433
"SD","South Dakota","46049","Faulk",1.36616591423972
"SD","South Dakota","46051","Grant",1.33574879614561
"SD","South Dakota","46053","Gregory",1.30821952330022
"SD","South Dakota","46055","Haakon",1.27312659398451
"SD","South Dakota","46057","Hamlin",1.32466448538422
"SD","South Dakota","46059","Hand",1.34068907467426
"SD","South Dakota","46061","Hanson",1.34071461149538
"SD","South Dakota","46063","Harding",1.35378088414836
"SD","South Dakota","46065","Hughes",1.33312092002039
"SD","South Dakota","46067","Hutchinson",1.34159869057156
"SD","South Dakota","46073","Jerauld",1.35213501832965
"SD","South Dakota","46075","Jones",1.24625351833052
"SD","South Dakota","46077","Kingsbury",1.34672559517719
"SD","South Dakota","46079","Lake",1.28975669820225
"SD","South Dakota","46083","Lincoln",1.25485137507608
"SD","South Dakota","46085","Lyman",1.23895505093145
"SD","South Dakota","46087","McCook",1.35523190199343
"SD","South Dakota","46089","McPherson",1.38622348401278
"SD","South Dakota","46091","Marshall",1.30127385522644
"SD","South Dakota","46093","Meade",1.33246500092624
"SD","South Dakota","46095","Mellette",1.27790568871985
"SD","South Dakota","46097","Miner",1.3524313221144
"SD","South Dakota","46099","Minnehaha",1.32199523067287
"SD","South Dakota","46101","Moody",1.32153007651282
"SD","South Dakota","46103","Pennington",1.32055364800133
"SD","South Dakota","46105","Perkins",1.32639402208184
"SD","South Dakota","46107","Potter",1.32066252229589
"SD","South Dakota","46109","Roberts",1.35133674617328
"SD","South Dakota","46111","Sanborn",1.36224927536454
"SD","South Dakota","46115","Spink",1.30607941529254
"SD","South Dakota","46119","Sully",1.30413421478996
"SD","South Dakota","46121","Todd",1.36316392748192
"SD","South Dakota","46123","Tripp",1.29680254537358
"SD","South Dakota","46125","Turner",1.32923111079586
"SD","South Dakota","46127","Union",1.32119280734345
"SD","South Dakota","46129","Walworth",1.35228954184024
"SD","South Dakota","46135","Yankton",1.34381636470002
"SD","South Dakota","46137","Ziebach",1.32165169294236
"TN","Tennessee","47003","Bedford",1.41455063146947
"TN","Tennessee","47005","Benton",1.43700762975539
"TN","Tennessee","47007","Bledsoe",1.45489217128378
"TN","Tennessee","47009","Blount",1.42598548128446
"TN","Tennessee","47011","Bradley",1.42155211633143
"TN","Tennessee","47015","Cannon",1.41942712366933
"TN","Tennessee","47017","Carroll",1.44120757265898
"TN","Tennessee","47021","Cheatham",1.38788977119068
"TN","Tennessee","47023","Chester",1.4832260810261
"TN","Tennessee","47029","Cocke",1.39346231144647
"TN","Tennessee","47031","Coffee",1.42622124122468
"TN","Tennessee","47033","Crockett",1.45412569698024
"TN","Tennessee","47035","Cumberland",1.4520828606775
"TN","Tennessee","47039","Decatur",1.45783570767744
"TN","Tennessee","47041","DeKalb",1.42237200426866
"TN","Tennessee","47045","Dyer",1.4353230670206
"TN","Tennessee","47047","Fayette",1.42965138164984
"TN","Tennessee","47049","Fentress",1.43425409505866
"TN","Tennessee","47051","Franklin",1.41687662084311
"TN","Tennessee","47053","Gibson",1.43991880896663
"TN","Tennessee","47055","Giles",1.40984370814673
"TN","Tennessee","47057","Grainger",1.42189605744368
"TN","Tennessee","47059","Greene",1.41748141824587
"TN","Tennessee","47061","Grundy",1.4552489523144
"TN","Tennessee","47069","Hardeman",1.45160630280581
"TN","Tennessee","47071","Hardin",1.43562687202319
"TN","Tennessee","47073","Hawkins",1.41833031780455
"TN","Tennessee","47075","Haywood",1.45613279219456
"TN","Tennessee","47077","Henderson",1.48784261893153
"TN","Tennessee","47079","Henry",1.44817456070314
"TN","Tennessee","47081","Hickman",1.41910745125283
"TN","Tennessee","47085","Humphreys",1.37672584134257
"TN","Tennessee","47089","Jefferson",1.44165310733364
"TN","Tennessee","47095","Lake",1.41514411574736
"TN","Tennessee","47097","Lauderdale",1.44976235654974
"TN","Tennessee","47099","Lawrence",1.39787754384272
"TN","Tennessee","47103","Lincoln",1.41773638765645
"TN","Tennessee","47105","Loudon",1.42322437367562
"TN","Tennessee","47107","McMinn",1.43342510693038
"TN","Tennessee","47109","McNairy",1.45491381074822
"TN","Tennessee","47111","Macon",1.37575291552
"TN","Tennessee","47113","Madison",1.44060430062432
"TN","Tennessee","47115","Marion",1.46767615894177
"TN","Tennessee","47117","Marshall",1.41603336509068
"TN","Tennessee","47119","Maury",1.34751481251096
"TN","Tennessee","47121","Meigs",1.41800389650859
"TN","Tennessee","47123","Monroe",1.42743326593599
"TN","Tennessee","47125","Montgomery",1.41090029330695
"TN","Tennessee","47131","Obion",1.44960674953922
"TN","Tennessee","47133","Overton",1.40310203843353
"TN","Tennessee","47135","Perry",1.43388504325255
"TN","Tennessee","47147","Robertson",1.38910728880913
"TN","Tennessee","47149","Rutherford",1.43455227580121
"TN","Tennessee","47153","Sequatchie",1.47496885975952
"TN","Tennessee","47157","Shelby",1.44459668101884
"TN","Tennessee","47159","Smith",1.41828520185379
"TN","Tennessee","47161","Stewart",1.41192224149852
"TN","Tennessee","47163","Sullivan",1.44146884246668
"TN","Tennessee","47165","Sumner",1.39737732077015
"TN","Tennessee","47167","Tipton",1.44645800929204
"TN","Tennessee","47177","Warren",1.40747945472868
"TN","Tennessee","47179","Washington",1.42667570752473
"TN","Tennessee","47181","Wayne",1.41312435650227
"TN","Tennessee","47183","Weakley",1.45585257677696
"TN","Tennessee","47185","White",1.42592875595503
"TN","Tennessee","47187","Williamson",1.36675508812936
"TN","Tennessee","47189","Wilson",1.43395652381341
"TX","Texas","48009","Archer",1.44739256835057
"TX","Texas","48011","Armstrong",1.39838361055501
"TX","Texas","48015","Austin",1.29142650788309
"TX","Texas","48017","Bailey",1.46996931251015
"TX","Texas","48023","Baylor",1.4453231901209
"TX","Texas","48025","Bee",1.4309488631912
"TX","Texas","48027","Bell",1.31172675360427
"TX","Texas","48029","Bexar",1.37581871661891
"TX","Texas","48033","Borden",1.44868594759797
"TX","Texas","48035","Bosque",1.29809508486718
"TX","Texas","48039","Brazoria",1.2519525920228
"TX","Texas","48045","Briscoe",1.3428167292254
"TX","Texas","48049","Brown",1.43284278174785
"TX","Texas","48051","Burleson",1.34000878440934
"TX","Texas","48055","Caldwell",1.32527683581939
"TX","Texas","48057","Calhoun",1.31718235131805
"TX","Texas","48059","Callahan",1.45052951322037
"TX","Texas","48061","Cameron",1.4101783271307
"TX","Texas","48065","Carson",1.35177753239384
"TX","Texas","48069","Castro",1.37963542674852
"TX","Texas","48075","Childress",1.45626816821397
"TX","Texas","48077","Clay",1.45537277415004
"TX","Texas","48079","Cochran",1.48483424260923
"TX","Texas","48081","Coke",1.46385772120763
"TX","Texas","48083","Coleman",1.37476161165215
"TX","Texas","48085","Collin",1.28382882890458
"TX","Texas","48087","Collingsworth",1.50466167648945
"TX","Texas","48089","Colorado",1.51893463785835
"TX","Texas","48093","Comanche",1.49814757563998
"TX","Texas","48095","Concho",1.35385467668072
"TX","Texas","48097","Cooke",1.42086878787012
"TX","Texas","48099","Coryell",1.30846602602648
"TX","Texas","48101","Cottle",1.46447304458824
"TX","Texas","48107","Crosby",1.4183012366109
"TX","Texas","48111","Dallam",1.49470759086302
"TX","Texas","48115","Dawson",1.46023455919981
"TX","Texas","48117","Deaf Smith",1.31178655689255
"TX","Texas","48119","Delta",1.32017776818032
"TX","Texas","48121","Denton",1.38256828583872
"TX","Texas","48123","DeWitt",1.4164441774592
"TX","Texas","48125","Dickens",1.39407040689247
"TX","Texas","48129","Donley",1.48293499767566
"TX","Texas","48133","Eastland",1.54176100594937
"TX","Texas","48139","Ellis",1.28996110369491
"TX","Texas","48141","El Paso",1.43448091121836
"TX","Texas","48145","Falls",1.37087108683421
"TX","Texas","48147","Fannin",1.41399271131047
"TX","Texas","48149","Fayette",1.39879282091017
"TX","Texas","48151","Fisher",1.4286828737646
"TX","Texas","48153","Floyd",1.29568810771056
"TX","Texas","48155","Foard",1.40520765185437
"TX","Texas","48157","Fort Bend",1.30235285403286
"TX","Texas","48163","Frio",1.49443609821194
"TX","Texas","48165","Gaines",1.56915707727418
"TX","Texas","48169","Garza",1.43865375064776
"TX","Texas","48171","Gillespie",1.3688205830632
"TX","Texas","48173","Glasscock",1.42895165832007
"TX","Texas","48177","Gonzales",1.40471112140048
"TX","Texas","48179","Gray",1.30467877661225
"TX","Texas","48181","Grayson",1.40907905518709
"TX","Texas","48187","Guadalupe",1.32050119799485
"TX","Texas","48189","Hale",1.32994591492262
"TX","Texas","48191","Hall",1.47712882841087
"TX","Texas","48193","Hamilton",1.33160586599943
"TX","Texas","48195","Hansford",1.39086640755855
"TX","Texas","48197","Hardeman",1.46680836098581
"TX","Texas","48205","Hartley",1.48618565606617
"TX","Texas","48207","Haskell",1.41541649855887
"TX","Texas","48209","Hays",1.29994313256473
"TX","Texas","48211","Hemphill",1.47469290951538
"TX","Texas","48215","Hidalgo",1.42725770268825
"TX","Texas","48217","Hill",1.30785467547932
"TX","Texas","48219","Hockley",1.44978160522839
"TX","Texas","48227","Howard",1.45036044928369
"TX","Texas","48231","Hunt",1.36493282043517
"TX","Texas","48233","Hutchinson",1.42154354686785
"TX","Texas","48239","Jackson",1.35705481725401
"TX","Texas","48249","Jim Wells",1.39361708990605
"TX","Texas","48251","Johnson",1.34100229192298
"TX","Texas","48253","Jones",1.41947733256308
"TX","Texas","48255","Karnes",1.37964356473632
"TX","Texas","48257","Kaufman",1.29374150356279
"TX","Texas","48275","Knox",1.45297534959273
"TX","Texas","48277","Lamar",1.35843749135594
"TX","Texas","48279","Lamb",1.45469183016784
"TX","Texas","48285","Lavaca",1.54300686265759
"TX","Texas","48287","Lee",1.44112776148251
"TX","Texas","48291","Liberty",1.37812392799716
"TX","Texas","48293","Limestone",1.36676284113512
"TX","Texas","48295","Lipscomb",1.42456571913992
"TX","Texas","48303","Lubbock",1.42878995688565
"TX","Texas","48305","Lynn",1.44622381744465
"TX","Texas","48307","McCulloch",1.36576532967684
"TX","Texas","48309","McLennan",1.3347531131961
"TX","Texas","48317","Martin",1.45729026355599
"TX","Texas","48321","Matagorda",1.33341633329824
"TX","Texas","48325","Medina",1.36272998802839
"TX","Texas","48331","Milam",1.34804105489597
"TX","Texas","48333","Mills",1.3794385280068
"TX","Texas","48335","Mitchell",1.46513388886755
"TX","Texas","48337","Montague",1.48790358128257
"TX","Texas","48341","Moore",1.39732469565641
"TX","Texas","48345","Motley",1.51001487526342
"TX","Texas","48349","Navarro",1.32225822631379
"TX","Texas","48353","Nolan",1.4116015634078
"TX","Texas","48355","Nueces",1.25232527938423
"TX","Texas","48357","Ochiltree",1.41018098843256
"TX","Texas","48359","Oldham",1.36530708100458
"TX","Texas","48369","Parmer",1.44485601333487
"TX","Texas","48371","Pecos",1.36067531605778
"TX","Texas","48375","Potter",1.33518473777038
"TX","Texas","48381","Randall",1.32640607917058
"TX","Texas","48383","Reagan",1.42348563184535
"TX","Texas","48391","Refugio",1.23918902605504
"TX","Texas","48393","Roberts",1.35204726400469
"TX","Texas","48395","Robertson",1.35526942661413
"TX","Texas","48399","Runnels",1.41629879951069
"TX","Texas","48409","San Patricio",1.28837100237318
"TX","Texas","48411","San Saba",1.39715095462184
"TX","Texas","48413","Schleicher",1.29637175534788
"TX","Texas","48415","Scurry",1.45282005935595
"TX","Texas","48417","Shackelford",1.3964883640524
"TX","Texas","48421","Sherman",1.43210663186332
"TX","Texas","48427","Starr",1.44726907233912
"TX","Texas","48437","Swisher",1.29101431826576
"TX","Texas","48441","Taylor",1.42860334576574
"TX","Texas","48445","Terry",1.480322224686
"TX","Texas","48447","Throckmorton",1.41944495862594
"TX","Texas","48451","Tom Green",1.38506179771584
"TX","Texas","48453","Travis",1.28283346273709
"TX","Texas","48461","Upton",1.42792542462178
"TX","Texas","48463","Uvalde",1.30601741980143
"TX","Texas","48469","Victoria",1.29262578307641
"TX","Texas","48473","Waller",1.51706201127186
"TX","Texas","48481","Wharton",1.37538200536319
"TX","Texas","48483","Wheeler",1.5274518644743
"TX","Texas","48485","Wichita",1.46627643457895
"TX","Texas","48487","Wilbarger",1.45888290230036
"TX","Texas","48489","Willacy",1.47864117167227
"TX","Texas","48491","Williamson",1.31919272779957
"TX","Texas","48493","Wilson",1.43405156916288
"TX","Texas","48497","Wise",1.41564424678578
"TX","Texas","48501","Yoakum",1.48622915109262
"TX","Texas","48503","Young",1.46977457324571
"TX","Texas","48507","Zavala",1.33770771026495
"UT","Utah","49003","Box Elder",1.22831136563649
"UT","Utah","49027","Millard",1.33381827128337
"UT","Utah","49029","Morgan",1.26668720500724
"UT","Utah","49039","Sanpete",1.2765470176925
"UT","Utah","49049","Utah",1.23964615260116
"VA","Virginia","51001","Accomack",1.34828697190608
"VA","Virginia","51007","Amelia",1.43980463486124
"VA","Virginia","51011","Appomattox",1.37154735995442
"VA","Virginia","51015","Augusta",1.35602676669254
"VA","Virginia","51023","Botetourt",1.43731020660651
"VA","Virginia","51025","Brunswick",1.46599696820213
"VA","Virginia","51031","Campbell",1.41022006656596
"VA","Virginia","51033","Caroline",1.40462795743128
"VA","Virginia","51036","Charles City",1.39402468488956
"VA","Virginia","51037","Charlotte",1.43578632416227
"VA","Virginia","51041","Chesterfield",1.45375675364865
"VA","Virginia","51043","Clarke",1.34928112415625
"VA","Virginia","51047","Culpeper",1.37432646175591
"VA","Virginia","51053","Dinwiddie",1.45007316552004
"VA","Virginia","51057","Essex",1.39295432739841
"VA","Virginia","51061","Fauquier",1.38601636242452
"VA","Virginia","51067","Franklin",1.43108777176959
"VA","Virginia","51069","Frederick",1.35422369543671
"VA","Virginia","51073","Gloucester",1.40840746646616
"VA","Virginia","51075","Goochland",1.36263293822319
"VA","Virginia","51081","Greensville",1.41216667671988
"VA","Virginia","51083","Halifax",1.43176457413199
"VA","Virginia","51085","Hanover",1.4301125747879
"VA","Virginia","51093","Isle of Wight",1.40430875022513
"VA","Virginia","51097","King and Queen",1.39008786319178
"VA","Virginia","51101","King William",1.42054593262632
"VA","Virginia","51107","Loudoun",1.37829500994824
"VA","Virginia","51109","Louisa",1.3919244561714
"VA","Virginia","51111","Lunenburg",1.37583973732357
"VA","Virginia","51113","Madison",1.36996693469898
"VA","Virginia","51115","Mathews",1.34681522789847
"VA","Virginia","51117","Mecklenburg",1.42736742837694
"VA","Virginia","51119","Middlesex",1.37428156873794
"VA","Virginia","51127","New Kent",1.39204296299662
"VA","Virginia","51131","Northampton",1.36115388804391
"VA","Virginia","51133","Northumberland",1.39490934156641
"VA","Virginia","51135","Nottoway",1.46248991911885
"VA","Virginia","51137","Orange",1.42383444755833
"VA","Virginia","51139","Page",1.35510340961027
"VA","Virginia","51143","Pittsylvania",1.43514258036817
"VA","Virginia","51145","Powhatan",1.42398644088994
"VA","Virginia","51149","Prince George",1.39534869024774
"VA","Virginia","51159","Richmond",1.41969920117467
"VA","Virginia","51163","Rockbridge",1.36507082497674
"VA","Virginia","51165","Rockingham",1.37553084711284
"VA","Virginia","51171","Shenandoah",1.39268920611944
"VA","Virginia","51175","Southampton",1.40603655352736
"VA","Virginia","51177","Spotsylvania",1.42934779625605
"VA","Virginia","51179","Stafford",1.4160343539634
"VA","Virginia","51181","Surry",1.44791191601766
"VA","Virginia","51183","Sussex",1.4589974722035
"VA","Virginia","51193","Westmoreland",1.40406962403691
"VA","Virginia","51800","Suffolk city",1.43357609439732
"VA","Virginia","51810","Virginia Beach city",1.1735094618978
"WA","Washington","53001","Adams",1.26109905782475
"WA","Washington","53003","Asotin",1.3006974829739
"WA","Washington","53005","Benton",1.31806755563293
"WA","Washington","53013","Columbia",1.2166906281565
"WA","Washington","53017","Douglas",1.29734850110749
"WA","Washington","53021","Franklin",1.34320406114554
"WA","Washington","53023","Garfield",1.22511255395812
"WA","Washington","53025","Grant",1.34522438560043
"WA","Washington","53039","Klickitat",1.30988654657627
"WA","Washington","53043","Lincoln",1.26537653188377
"WA","Washington","53047","Okanogan",1.33133932750373
"WA","Washington","53063","Spokane",1.2133311153134
"WA","Washington","53065","Stevens",1.13837531890411
"WA","Washington","53071","Walla Walla",1.26676724970995
"WA","Washington","53075","Whitman",1.20739053246152
"WA","Washington","53077","Yakima",1.29236374628135
"WV","West Virginia","54003","Berkeley",1.34381698508473
"WV","West Virginia","54031","Hardy",1.29737173262619
"WV","West Virginia","54037","Jefferson",1.33370856816451
"WV","West Virginia","54053","Mason",1.3637962992639
"WI","Wisconsin","55001","Adams",1.51272418101454
"WI","Wisconsin","55005","Barron",1.44177834052305
"WI","Wisconsin","55009","Brown",1.42702008096265
"WI","Wisconsin","55011","Buffalo",1.39727798988294
"WI","Wisconsin","55013","Burnett",1.47336741866081
"WI","Wisconsin","55015","Calumet",1.4082351468199
"WI","Wisconsin","55017","Chippewa",1.45603338569324
"WI","Wisconsin","55019","Clark",1.45731562642083
"WI","Wisconsin","55021","Columbia",1.38203802313898
"WI","Wisconsin","55023","Crawford",1.37070448341563
"WI","Wisconsin","55025","Dane",1.35178033370987
"WI","Wisconsin","55027","Dodge",1.36087258288617
"WI","Wisconsin","55029","Door",1.45349426545691
"WI","Wisconsin","55033","Dunn",1.48205963666335
"WI","Wisconsin","55035","Eau Claire",1.45399194885742
"WI","Wisconsin","55039","Fond du Lac",1.37757543595612
"WI","Wisconsin","55043","Grant",1.3948274695118
"WI","Wisconsin","55045","Green",1.3715813577327
"WI","Wisconsin","55047","Green Lake",1.4316110394284
"WI","Wisconsin","55049","Iowa",1.39985125759153
"WI","Wisconsin","55053","Jackson",1.43129593517237
"WI","Wisconsin","55055","Jefferson",1.33186083468477
"WI","Wisconsin","55057","Juneau",1.44726478855798
"WI","Wisconsin","55059","Kenosha",1.36886945437619
"WI","Wisconsin","55061","Kewaunee",1.42585086418309
"WI","Wisconsin","55063","La Crosse",1.41784274157431
"WI","Wisconsin","55065","Lafayette",1.37792396064905
"WI","Wisconsin","55067","Langlade",1.44105632060585
"WI","Wisconsin","55069","Lincoln",1.42693421301148
"WI","Wisconsin","55071","Manitowoc",1.4177105072482
"WI","Wisconsin","55073","Marathon",1.45090500894018
"WI","Wisconsin","55075","Marinette",1.42230610875021
"WI","Wisconsin","55077","Marquette",1.39641124296981
"WI","Wisconsin","55079","Milwaukee",1.40240163132917
"WI","Wisconsin","55081","Monroe",1.43326189618589
"WI","Wisconsin","55083","Oconto",1.43693903353677
"WI","Wisconsin","55087","Outagamie",1.42084997194594
"WI","Wisconsin","55089","Ozaukee",1.41333122338721
"WI","Wisconsin","55091","Pepin",1.43349907439795
"WI","Wisconsin","55093","Pierce",1.41014298819752
"WI","Wisconsin","55095","Polk",1.44991652403113
"WI","Wisconsin","55097","Portage",1.48153720885859
"WI","Wisconsin","55099","Price",1.42964197868961
"WI","Wisconsin","55101","Racine",1.34106677283126
"WI","Wisconsin","55103","Richland",1.42238796165731
"WI","Wisconsin","55105","Rock",1.36971001187311
"WI","Wisconsin","55107","Rusk",1.43774168547247
"WI","Wisconsin","55109","St. Croix",1.40641443131114
"WI","Wisconsin","55111","Sauk",1.41640623948042
"WI","Wisconsin","55113","Sawyer",1.46863922732732
"WI","Wisconsin","55115","Shawano",1.44172881721422
"WI","Wisconsin","55117","Sheboygan",1.42349178381177
"WI","Wisconsin","55119","Taylor",1.41813090959572
"WI","Wisconsin","55121","Trempealeau",1.4321318127247
"WI","Wisconsin","55123","Vernon",1.38697519489959
"WI","Wisconsin","55127","Walworth",1.34171161846523
"WI","Wisconsin","55129","Washburn",1.47798888150468
"WI","Wisconsin","55131","Washington",1.40113711745836
"GA","Georgia","13175","Laurens",1.57509239456902
"GA","Georgia","13177","Lee",1.56195626698621
"GA","Georgia","13185","Lowndes",1.57655734736048
"GA","Georgia","13193","Macon",1.54890824330572
"GA","Georgia","13197","Marion",1.51735158479168
"GA","Georgia","13201","Miller",1.60108466995951
"GA","Georgia","13205","Mitchell",1.60223314659421
"GA","Georgia","13209","Montgomery",1.6052602479169
"GA","Georgia","13211","Morgan",1.46314440392728
"GA","Georgia","13225","Peach",1.50294344063043
"GA","Georgia","13229","Pierce",1.50179918009905
"GA","Georgia","13235","Pulaski",1.58508785475805
"GA","Georgia","13243","Randolph",1.54902147013006
"GA","Georgia","13251","Screven",1.52335545692028
"GA","Georgia","13253","Seminole",1.60921902380863
"GA","Georgia","13261","Sumter",1.55507971138433
"GA","Georgia","13269","Taylor",1.54245240139478
"GA","Georgia","13273","Terrell",1.54957677515475
"GA","Georgia","13275","Thomas",1.58751065523306
"GA","Georgia","13277","Tift",1.60294103655272
"GA","Georgia","13287","Turner",1.60565953097597
"GA","Georgia","13295","Walker",1.41872677535307
"GA","Georgia","13299","Ware",1.52211169041423
"GA","Georgia","13303","Washington",1.55236084462171
"GA","Georgia","13305","Wayne",1.50686888309267
"GA","Georgia","13315","Wilcox",1.59265686609675
"GA","Georgia","13321","Worth",1.59378771321197
"ID","Idaho","16001","Ada",1.35311217661269
"ID","Idaho","16005","Bannock",1.34284615413899
"ID","Idaho","16007","Bear Lake",1.27800205922951
"ID","Idaho","16009","Benewah",1.19422405201078
"ID","Idaho","16011","Bingham",1.43013233495786
"ID","Idaho","16013","Blaine",1.37993846390107
"ID","Idaho","16019","Bonneville",1.4853270919667
"ID","Idaho","16023","Butte",1.37448789549657
"ID","Idaho","16025","Camas",1.44629858060587
"ID","Idaho","16027","Canyon",1.41228763876577
"ID","Idaho","16029","Caribou",1.30698085244837
"ID","Idaho","16031","Cassia",1.387549300733
"ID","Idaho","16039","Elmore",1.45650218002548
"ID","Idaho","16041","Franklin",1.35766028027726
"ID","Idaho","16043","Fremont",1.45351315359042
"ID","Idaho","16045","Gem",1.45362157398943
"ID","Idaho","16051","Jefferson",1.43775665598755
"ID","Idaho","16053","Jerome",1.41749168267178
"ID","Idaho","16061","Lewis",1.23065050998915
"ID","Idaho","16065","Madison",1.42573635298625
"ID","Idaho","16067","Minidoka",1.39289047601446
"ID","Idaho","16069","Nez Perce",1.25712783333079
"ID","Idaho","16071","Oneida",1.316024847025
"WI","Wisconsin","55133","Waukesha",1.3713814836738
"WI","Wisconsin","55135","Waupaca",1.51619064302545
"WI","Wisconsin","55137","Waushara",1.5228646021386
"WI","Wisconsin","55139","Winnebago",1.4167838950715
"WI","Wisconsin","55141","Wood",1.43209663000527
"WY","Wyoming","56003","Big Horn",1.28057991144421
"WY","Wyoming","56013","Fremont",1.26821673429201
"WY","Wyoming","56015","Goshen",1.3063683735008
"WY","Wyoming","56021","Laramie",1.36228654330853
"WY","Wyoming","56029","Park",1.3897829712305
"WY","Wyoming","56031","Platte",1.31873667330617
"WY","Wyoming","56043","Washakie",1.27646154421024
"ID","Idaho","16073","Owyhee",1.39489269660279
"ID","Idaho","16075","Payette",1.41491034855762
"ID","Idaho","16077","Power",1.33071864182589
"ID","Idaho","16081","Teton",1.13935635143904
"ID","Idaho","16083","Twin Falls",1.40561555309927
"ID","Idaho","16087","Washington",1.40893010559487
"IL","Illinois","17001","Adams",1.3765884960006
"IL","Illinois","17003","Alexander",1.3845624086443
"IL","Illinois","17005","Bond",1.4010619904193
"IL","Illinois","17007","Boone",1.34814154825537
"IL","Illinois","17009","Brown",1.4037505514139
"IL","Illinois","17011","Bureau",1.3489564485873
"IL","Illinois","17013","Calhoun",1.35633196386202
"IL","Illinois","17015","Carroll",1.37015691943219
"IL","Illinois","17017","Cass",1.37259649725374
"IL","Illinois","17019","Champaign",1.33440121283803
"IL","Illinois","17021","Christian",1.34064120811094
"IL","Illinois","17023","Clark",1.43268129032352
"IL","Illinois","17025","Clay",1.4294133540339
"IL","Illinois","17027","Clinton",1.40133170661641
"IL","Illinois","17029","Coles",1.36052312964074
"IL","Illinois","17033","Crawford",1.42959053368286
"IL","Illinois","17035","Cumberland",1.41613249968868
"IL","Illinois","17037","DeKalb",1.31822783560243
"IL","Illinois","17039","De Witt",1.33874981437181
"IL","Illinois","17041","Douglas",1.3427342008038
"IL","Illinois","17045","Edgar",1.35026935409257
"IL","Illinois","17047","Edwards",1.4218051513058
"IL","Illinois","17049","Effingham",1.4289654465067
"IL","Illinois","17051","Fayette",1.42115422146388
"IL","Illinois","17053","Ford",1.36865494302287
"IL","Illinois","17055","Franklin",1.43523454344048
"IL","Illinois","17057","Fulton",1.39649637204336
"IL","Illinois","17059","Gallatin",1.3935030613332
"IL","Illinois","17061","Greene",1.37470744418109
"IL","Illinois","17063","Grundy",1.36939053122577
"IL","Illinois","17065","Hamilton",1.41666501227473
"IL","Illinois","17067","Hancock",1.36701290092456
"IL","Illinois","17069","Hardin",1.38224728369514
"IL","Illinois","17071","Henderson",1.33234244245843
"IL","Illinois","17073","Henry",1.35548637235854
"IL","Illinois","17075","Iroquois",1.39398540791539
"IL","Illinois","17077","Jackson",1.40526069395596
"IL","Illinois","17079","Jasper",1.43021535968324
"IL","Illinois","17081","Jefferson",1.42670131210025
"IL","Illinois","17083","Jersey",1.38345559412195
"IL","Illinois","17085","Jo Daviess",1.38262496581506
"IL","Illinois","17087","Johnson",1.37734288226069
"IL","Illinois","17089","Kane",1.31365520216935
"IL","Illinois","17091","Kankakee",1.40957392406525
"IL","Illinois","17093","Kendall",1.32860304658558
"IL","Illinois","17095","Knox",1.37797408331552
"IL","Illinois","17097","Lake",1.34681764432228
"IL","Illinois","17099","LaSalle",1.3226150566128
"IL","Illinois","17101","Lawrence",1.4253202185362
"IL","Illinois","17103","Lee",1.35549652527271
"IL","Illinois","17105","Livingston",1.37642845996798
"IL","Illinois","17107","Logan",1.32958772047277
"IL","Illinois","17109","McDonough",1.36008336193679
"IL","Illinois","17111","McHenry",1.3220520537826
"IL","Illinois","17113","McLean",1.35146999671651
"IL","Illinois","17115","Macon",1.32808776723152
"IL","Illinois","17117","Macoupin",1.37159755821409
"IL","Illinois","17119","Madison",1.37755698898795
"IL","Illinois","17121","Marion",1.43985292795857
"IL","Illinois","17123","Marshall",1.33557373815303
"IL","Illinois","17125","Mason",1.4119953318155
"IL","Illinois","17127","Massac",1.39741702321768
"IL","Illinois","17129","Menard",1.33456468106697
"IL","Illinois","17131","Mercer",1.35777362453679
"IL","Illinois","17133","Monroe",1.39606839545172
"IL","Illinois","17135","Montgomery",1.37039703008573
"IL","Illinois","17137","Morgan",1.35733541292487
"IL","Illinois","17139","Moultrie",1.34341394311232
"IL","Illinois","17141","Ogle",1.37081497048283
"IL","Illinois","17143","Peoria",1.37757976764157
"IL","Illinois","17145","Perry",1.4288460798698
"IL","Illinois","17147","Piatt",1.32812134287829
"IL","Illinois","17149","Pike",1.37648276197386
"IL","Illinois","17153","Pulaski",1.39947020200099
"IL","Illinois","17155","Putnam",1.34180076042596
"IL","Illinois","17157","Randolph",1.39591231154622
"IL","Illinois","17159","Richland",1.43502490353367
"IL","Illinois","17161","Rock Island",1.37031735635085
"IL","Illinois","17163","St. Clair",1.38643020146684
"IL","Illinois","17165","Saline",1.42892116683223
"IL","Illinois","17167","Sangamon",1.34007929266819
"IL","Illinois","17169","Schuyler",1.40207930188615
"IL","Illinois","17171","Scott",1.38735681706411
"IL","Illinois","17173","Shelby",1.36800342948459
"IL","Illinois","17175","Stark",1.34994560373002
"IL","Illinois","17177","Stephenson",1.36296300158536
"IL","Illinois","17179","Tazewell",1.36144860019647
"IL","Illinois","17181","Union",1.38208457287121
"IL","Illinois","17183","Vermilion",1.35968510938883
"IL","Illinois","17185","Wabash",1.40315871814685
"IL","Illinois","17187","Warren",1.32786233682162
"IL","Illinois","17189","Washington",1.42112239843578
"IL","Illinois","17191","Wayne",1.42666794319651
"IL","Illinois","17193","White",1.42365138162087
"IL","Illinois","17195","Whiteside",1.34635601378298
"IL","Illinois","17197","Will",1.3775148287001
"IL","Illinois","17199","Williamson",1.44397284219525
"IL","Illinois","17201","Winnebago",1.36371666058486
"IL","Illinois","17203","Woodford",1.34158343093749
"IN","Indiana","18001","Adams",1.46352250460258
"IN","Indiana","18003","Allen",1.43854477251425
"IN","Indiana","18005","Bartholomew",1.4434021744155
"IN","Indiana","18007","Benton",1.43277336036849
"IN","Indiana","18009","Blackford",1.4779379535489
"IN","Indiana","18011","Boone",1.41870194729037
"IN","Indiana","18015","Carroll",1.42742082968688
"IN","Indiana","18017","Cass",1.42924683011638
"IN","Indiana","18019","Clark",1.45617131948822
"IN","Indiana","18021","Clay",1.48959645170778
"IN","Indiana","18023","Clinton",1.42378172775699
"IN","Indiana","18027","Daviess",1.47962075643319
"IN","Indiana","18029","Dearborn",1.44722910171039
"IN","Indiana","18031","Decatur",1.4395808693029
"IN","Indiana","18033","DeKalb",1.45990879349636
"IN","Indiana","18035","Delaware",1.454420121991
"IN","Indiana","18037","Dubois",1.43888342730019
"IN","Indiana","18039","Elkhart",1.4548160829198
"IN","Indiana","18041","Fayette",1.46184229992377
"IN","Indiana","18045","Fountain",1.44065081630902
"IN","Indiana","18047","Franklin",1.44959246536646
"IN","Indiana","18049","Fulton",1.42038861810011
"IN","Indiana","18051","Gibson",1.45989826067188
"IN","Indiana","18053","Grant",1.47083285648473
"IN","Indiana","18055","Greene",1.46911565228284
"IN","Indiana","18057","Hamilton",1.4343348727467
"IN","Indiana","18059","Hancock",1.45357598436283
"IN","Indiana","18061","Harrison",1.42520330739682
"IN","Indiana","18063","Hendricks",1.43924513893275
"IN","Indiana","18065","Henry",1.4221461363147
"IN","Indiana","18067","Howard",1.43828112855965
"IN","Indiana","18069","Huntington",1.46913407290355
"IN","Indiana","18071","Jackson",1.46462636898048
"IN","Indiana","18073","Jasper",1.46617598524754
"IN","Indiana","18075","Jay",1.48744292585865
"IN","Indiana","18077","Jefferson",1.45283134722726
"IN","Indiana","18079","Jennings",1.45058995688773
"IN","Indiana","18081","Johnson",1.44688044731822
"IN","Indiana","18083","Knox",1.47011382219658
"IN","Indiana","18085","Kosciusko",1.4382066228028
"IN","Indiana","18087","LaGrange",1.47403926825476
"IN","Indiana","18089","Lake",1.39654905802545
"IN","Indiana","18091","LaPorte",1.40177909308682
"IN","Indiana","18093","Lawrence",1.43890039952305
"IN","Indiana","18095","Madison",1.43754816002066
"IN","Indiana","18097","Marion",1.43901776101718
"IN","Indiana","18099","Marshall",1.40931444976429
"IN","Indiana","18101","Martin",1.43555717638881
"IN","Indiana","18103","Miami",1.44628758570539
"IN","Indiana","18105","Monroe",1.44390414427019
"IN","Indiana","18107","Montgomery",1.43182559597319
"IN","Indiana","18109","Morgan",1.44741586720619
"IN","Indiana","18111","Newton",1.43033057099038
"IN","Indiana","18113","Noble",1.43011318715259
"IN","Indiana","18117","Orange",1.43989674150333
"IN","Indiana","18119","Owen",1.46853594307718
"IN","Indiana","18121","Parke",1.45269964172362
"IN","Indiana","18123","Perry",1.43902756739807
"IN","Indiana","18125","Pike",1.4821314132987
"IN","Indiana","18127","Porter",1.45238268074121
"IN","Indiana","18129","Posey",1.45285788541111
"IN","Indiana","18131","Pulaski",1.41791182931071
"IN","Indiana","18133","Putnam",1.45453381717048
"IN","Indiana","18135","Randolph",1.43609839559911
"IN","Indiana","18137","Ripley",1.45270077598782
"IN","Indiana","18139","Rush",1.43239498641289
"IN","Indiana","18141","St. Joseph",1.33731248637722
"IN","Indiana","18143","Scott",1.44217300796853
"IN","Indiana","18145","Shelby",1.46035926419564
"IN","Indiana","18147","Spencer",1.45457062129308
"IN","Indiana","18151","Steuben",1.450939955918
"IN","Indiana","18153","Sullivan",1.46759682990657
"IN","Indiana","18155","Switzerland",1.45064937990573
"IN","Indiana","18157","Tippecanoe",1.44152974510677
"IN","Indiana","18159","Tipton",1.39318780597825
"IN","Indiana","18161","Union",1.44747222612153
"IN","Indiana","18163","Vanderburgh",1.4267442302613
"IN","Indiana","18165","Vermillion",1.43066387406427
"IN","Indiana","18167","Vigo",1.460651922774
"IN","Indiana","18169","Wabash",1.44926239457238
"IN","Indiana","18171","Warren",1.41353490297914
"IN","Indiana","18173","Warrick",1.46378512432622
"IN","Indiana","18175","Washington",1.43634122603892
"IN","Indiana","18177","Wayne",1.45860085979054
"IN","Indiana","18179","Wells",1.45486376628509
"IN","Indiana","18181","White",1.44930280814553
"IN","Indiana","18183","Whitley",1.44525692641172
"IA","Iowa","19001","Adair",1.35541161135176
"IA","Iowa","19003","Adams",1.35527007973581
"IA","Iowa","19005","Allamakee",1.36336616531633
"IA","Iowa","19007","Appanoose",1.38048980551617
"IA","Iowa","19009","Audubon",1.33207249438897
"IA","Iowa","19011","Benton",1.34468253124925
"IA","Iowa","19013","Black Hawk",1.35315004637148
"IA","Iowa","19015","Boone",1.21511261655935
"IA","Iowa","19017","Bremer",1.34812025091129
"IA","Iowa","19019","Buchanan",1.36840959637724
"IA","Iowa","19021","Buena Vista",1.21896762980468
"IA","Iowa","19023","Butler",1.36423230352904
"IA","Iowa","19025","Calhoun",1.16697213440062
"IA","Iowa","19027","Carroll",1.28796327959731
"IA","Iowa","19029","Cass",1.33639576078674
"IA","Iowa","19031","Cedar",1.34064120509802
"IA","Iowa","19033","Cerro Gordo",1.29548977660223
"IA","Iowa","19035","Cherokee",1.29311573789541
"IA","Iowa","19039","Clarke",1.36717632045196
"IA","Iowa","19041","Clay",1.28212499764809
"IA","Iowa","19043","Clayton",1.36902694051554
"IA","Iowa","19045","Clinton",1.3780861096262
"IA","Iowa","19047","Crawford",1.33253934243901
"IA","Iowa","19049","Dallas",1.25112072696739
"IA","Iowa","19051","Davis",1.38848544348326
"IA","Iowa","19053","Decatur",1.3848028890174
"IA","Iowa","19055","Delaware",1.36831398405243
"IA","Iowa","19057","Des Moines",1.35228117634846
"IA","Iowa","19059","Dickinson",1.2339038193544
"IA","Iowa","19061","Dubuque",1.36634378103543
"IA","Iowa","19063","Emmet",1.16631790094146
"IA","Iowa","19065","Fayette",1.36371932982657
"IA","Iowa","19069","Franklin",1.26240691034311
"IA","Iowa","19071","Fremont",1.29763801930443
"IA","Iowa","19073","Greene",1.21273249283644
"IA","Iowa","19075","Grundy",1.31892785317802
"IA","Iowa","19077","Guthrie",1.31558462469762
"IA","Iowa","19079","Hamilton",1.20748290272429
"IA","Iowa","19081","Hancock",1.17952353058413
"IA","Iowa","19083","Hardin",1.25117151112865
"IA","Iowa","19085","Harrison",1.31529715279033
"IA","Iowa","19087","Henry",1.35958636087089
"IA","Iowa","19091","Humboldt",1.17785222870979
"IA","Iowa","19093","Ida",1.31550557097827
"IA","Iowa","19095","Iowa",1.35705681165268
"IA","Iowa","19097","Jackson",1.38070586323403
"IA","Iowa","19099","Jasper",1.35752563626507
"IA","Iowa","19101","Jefferson",1.36123891392631
"IA","Iowa","19103","Johnson",1.35808265231994
"IA","Iowa","19105","Jones",1.37353619739092
"IA","Iowa","19107","Keokuk",1.36592195581598
"IA","Iowa","19109","Kossuth",1.17859896335462
"IA","Iowa","19111","Lee",1.38433814160677
"IA","Iowa","19113","Linn",1.38066574129068
"IA","Iowa","19115","Louisa",1.38676398190451
"IA","Iowa","19117","Lucas",1.3794840819619
"IA","Iowa","19119","Lyon",1.31585610563968
"IA","Iowa","19121","Madison",1.3416150949897
